index,compound_id,base_rdkit_smiles,relation,pXC50,active,mol_wt
2,CHEMBL1224527,Oc1ccc2c(c1O)C[C@@H](c1ccccc1)[C@@H]1CCNC[C@@H]21,,3.06,0,295.15722891200005
3,CHEMBL485259,CC12CCC(CC1)C(C)(C)O2,,3.589999997,0,154.135765196
4,CHEMBL454407,CN1C(=O)[C@@H](CN2CCCCC2)C[C@H]1C#Cc1ccccc1,,3.600000004,0,296.18886338799996
5,CHEMBL382243,C[N+](C)(C)Cc1c2n(c3ccccc13)Cc1c(C[N+](C)(C)C)c3ccccc3n1C2,,3.82770333,0,402.27724992818
6,CHEMBL395960,CC(=O)OCC[N+]12CC[C@H]3[C@@H]1C[C@H]1C(=CCO[C@@H]4[C@H]1[C@@H]3N(c1ccccc1)[C@@H]1OCC=C3C[N+]5(CCOC(C)=O)CC[C@]67c8ccccc8N4[C@H]6[C@H]1[C@H]3C[C@@H]75)C2,,3.82770333,0,760.4188883521799
7,CHEMBL206666,C=CC[N+](C)(C)Cc1c2n(c3ccccc13)Cc1c(C[N+](C)(C)CC=C)c3ccccc3n1C2,,3.82770333,0,454.30855005618
8,CHEMBL25306,C=CC(C)(O)CCC=C(C)C,,3.850000014,0,154.135765196
9,CHEMBL1545368,CN(C)c1ccnc2sc3c(SCc4ccc(Cl)cc4)ncnc3c12,,4,0,386.04266616000007
10,CHEMBL203627,CN(C)Cc1c2n(c3ccccc13)Cc1c(CN(C)C)c3ccccc3n1C2,,4,0,372.23139689600004
11,CHEMBL3959798,COc1ccc2nc(/N=C3/OC4(CN5CCC4CC5)CN3C)sc2c1,<,4,0,358.14634694399996
12,,Cc1cc(C)c2c(n1)sc1c(SCc3ccccc3)nc(C)nc12,,4,0,351.0863895440001
13,,Cc1nc(SCc2ccccc2)c2cc(-c3ccccc3)sc2n1,,4,0,348.07549051200004
14,CHEMBL3216651,CC[C@]12CCCN3CC[C@]4([C@@H](N[C@@H]5CCCC[C@@H]54)[C@@H](C(=O)OC)C1)[C@@H]32,<,4,0,346.26202832799993
15,CHEMBL293405,Cc1ncnc2nc[nH]c12,,4,0,134.059246192
16,CHEMBL459900,CN1C(=O)[C@@H](CN2CCCCC2)C[C@H]1C#Cc1ccc2occc2c1,,4,0,336.183778008
17,CHEMBL4093500,c1ccc(-c2cnc(NC3=NC[C@@]4(CN5CCC4CC5)O3)cn2)cc1,<,4,0,335.174610292
18,,O=Cc1ccc(Oc2ncnc3sc(-c4ccccc4)cc23)cc1,,4,0,332.061948624
19,CHEMBL453023,CC[C@]12CCCN3CC[C@]4([C@@H](N[C@@H]5CCCC[C@@H]54)[C@@H](C(=O)[O-])C1)[C@@H]32,<,4,0,331.23910181190996
20,CHEMBL1448856,Fc1ccccc1CSc1ncnc2c1oc1ccccc12,,4,0,310.057612192
21,,CC(=O)CSc1ncnc2sc(-c3ccccc3)cc12,,4,0,300.039105004
22,,Nc1ncnc2nc(SCc3ccccc3Cl)[nH]c12,,4,0,291.034544
23,CHEMBL4066441,COc1cc(NC2=NCC3(CN4CCC3CC4)N2)ncn1,<,4,0,288.16985926
24,CHEMBL509387,CC[C@]12CCCN3CC[C@]4(C(=C(C(=O)OC)C1)Nc1ccccc14)[C@@H]32,<,4,0,338.199428072
25,,c1ccc(CSc2ncnc3scc(-c4ccccc4)c23)cc1,,4,0,334.059840448
26,CHEMBL100086,COc1cccc(CN2CCN(C3CCC(O)(c4ccc5c(c4)OCO5)CC3)CC2)c1,<,4,0,424.23620750399994
27,CHEMBL2401750,CC(=O)N1CCC(CN2CCC(CNC(=O)c3cccc4nc(C(C)C)[nH]c34)CC2)CC1,,4,0,439.29472542400003
28,CHEMBL396705,C1=C2C[N+]3(Cc4ccccc4)CC[C@]45c6ccccc6N6[C@H]4[C@@H]([C@H]2C[C@@H]53)[C@@H](OC1)N(c1ccccc1)[C@@H]1[C@H]2CC[N+]3(Cc4ccccc4)CC4=CCO[C@@H]6[C@@H]1[C@H]4C[C@@H]23,,4,0,768.43922987218
29,CHEMBL407391,CN(C)c1ncnc2nc[nH]c12,,4,0,163.08579528799999
30,CHEMBL1178,CSc1ncnc2nc[nH]c12,,4,0,166.031317192
31,CHEMBL390135,C=CC[N+]12CC[C@H]3[C@@H]1C[C@H]1C(=CCO[C@@H]4[C@H]1[C@@H]3N(c1ccccc1)[C@@H]1OCC=C3C[N+]5(CC=C)CC[C@]67c8ccccc8N4[C@H]6[C@H]1[C@H]3C[C@@H]75)C2,,4,0,668.40792974418
32,CHEMBL3085543,C=CC[N+]12CCC34c5ccccc5N5C=C6[C@H]7C[C@H]8[C@@]9(CC[N@@+]8(CC=C)C/C7=C/CO)c7ccccc7N(C=C([C@@H](C[C@@H]31)/C(=C\\CO)C2)[C@H]54)[C@@H]69,,4,0,666.3922796801801
33,CHEMBL1180293,C=CC[N+]12CC[C@@]34c5ccccc5N5/C=C6/[C@H]7C[C@H]8[C@@]9(CC[N@@+]8(CC=C)C/C7=C/CO)c7ccccc7N(/C=C(/[C@@H](C[C@@H]31)/C(=C\\CO)C2)[C@H]54)[C@@H]69,<,4,0,666.3922796801801
34,,c1nc(SCc2ccc3c(c2)OCO3)c2[nH]cnc2n1,,4,0,286.05244656
35,CHEMBL231047,C[N+]12CCC34c5ccccc5N5C=C6[C@H]7C[C@H]8[C@@]9(CC[N+]8(C)C/C7=C/CO)c7ccccc7N(C=C([C@@H](C[C@@H]31)/C(=C\\CO)C2)[C@H]54)[C@@H]69,,4,0,614.3609795521801
36,CHEMBL231047,C[N+]12CCC34c5ccccc5N5/C=C6/[C@H]7C[C@H]8[C@@]9(CC[N+]8(C)C/C7=C/CO)c7ccccc7N(/C=C(/[C@@H](C[C@@H]31)/C(=C\\CO)C2)[C@H]54)[C@@H]69,<,4,0,614.3609795521801
37,,CNc1ncnc2sc(C)c(C)c12,,4,0,193.067368352
38,,CSc1ncnc2sc(C)cc12,,4,0,196.012890256
39,CHEMBL2402897,CC(C)c1nc2cccc(C(=O)NCC3CCN(CCN4CCN(S(C)(=O)=O)CC4)CC3)c2[nH]1,,4,0,490.272610076
40,CHEMBL2402903,CC(C)c1nc2cccc(C(=O)NCC3CCN(CC4CCN(S(C)(=O)=O)CC4)CC3)c2[nH]1,,4,0,475.26171104400004
41,CHEMBL2402904,COC(=O)N1CCC(CN2CCC(CNC(=O)c3cccc4nc(C(C)C)[nH]c34)CC2)CC1,,4,0,455.28964004400007
42,CHEMBL1623875,Cc1cc2c(NCc3ccccc3)ncnc2s1,,4,0,255.083018416
43,CHEMBL3969801,COc1ccc2nc(NC3=NC[C@]4(CN5CCC4CC5)O3)sc2c1,<,4.013228266,0,344.13069687999996
44,CHEMBL3919130,Clc1ccc2c(NC3=NC[C@]4(CN5CCC4CC5)O3)ncnn12,,4.060480747,0,332.1152368440001
45,CHEMBL3891441,Cn1ccc2c(NC3=NC[C@@]4(CN5CCC4CC5)O3)ncnc21,,4.065501549,0,312.16985926
46,CHEMBL2402890,CCc1nc2cccc(C(=O)NCC3CCN(CC(O)CN4CCN(S(C)(=O)=O)CC4)CC3)c2[nH]1,,4.1,0,506.267524696
47,CHEMBL13791,NC(N)=NC(N)=Nc1ccccc1,,4.1,0,177.10144535199998
48,CHEMBL2402898,COC(=O)N1CCN(CCN2CCC(CNC(=O)c3cccc4nc(C(C)C)[nH]c34)CC2)CC1,,4.1,0,470.300539076
49,CHEMBL2402900,CC(C)c1nc2cccc(C(=O)NCC3CCN(CC(O)CN(C)S(C)(=O)=O)CC3)c2[nH]1,,4.1,0,465.24097559999996
50,CHEMBL2402891,CC(C)c1nc2cccc(C(=O)NCC3CCN(CC(O)CN4CCN(S(C)(=O)=O)CC4)CC3)c2[nH]1,,4.1,0,520.2831747600001
51,CHEMBL229998,O=[N+]([O-])c1ccc(C[N+]23CC[C@H]4[C@@H]2C[C@H]2C(=CCO[C@@H]5[C@H]2[C@@H]4N(c2ccccc2)[C@@H]2OCC=C4C[N+]6(Cc7ccc([N+](=O)[O-])cc7)CC[C@]78c9ccccc9N5[C@H]7[C@H]2[C@H]4C[C@@H]86)C3)cc1,,4.118091195,0,858.40938628818
52,CHEMBL3907100,Cc1ccc2c(NC3=NC[C@@]4(CN5CCC4CC5)O3)ncnn12,,4.148741651,0,312.16985926000007
53,CHEMBL3932288,COc1ccc2nc(NC3=NCCC4(CN5CCC4CC5)O3)sc2c1,,4.193820026,0,358.14634694399996
54,CHEMBL2402889,CS(=O)(=O)N1CCN(CC(O)CN2CCC(NC(=O)c3cccc4[nH]cnc34)CC2)CC1,,4.2,0,464.220574504
55,CHEMBL2402902,CC(=O)N(C)CC(O)CN1CCC(CNC(=O)c2cccc3nc(C(C)C)[nH]c23)CC1,,4.2,0,429.27398998000007
56,CHEMBL3928032,Clc1ccc2c(NC3=NCCC4(CN5CCC4CC5)O3)ncnn12,,4.214670165,0,346.13088690800004
57,CHEMBL3892238,c1cc(NC2=NCC3(CN4CCC3CC4)O2)ccn1,,4.236572006,0,258.148061196
58,CHEMBL374351,O=C(NCCN1CCOCC1)c1ccc2c(=O)n(-c3ccc(F)cc3)c(=O)[nH]c2c1,,4.242750096,0,412.154683372
59,CHEMBL230952,C/C=C/C[N+]12CC[C@H]3[C@@H]1C[C@H]1C(=CCO[C@@H]4[C@H]1[C@@H]3N(c1ccccc1)[C@@H]1OCC=C3C[N+]5(C/C=C/C)CC[C@]67c8ccccc8N4[C@H]6[C@H]1[C@H]3C[C@@H]75)C2,,4.273333333,0,696.43922987218
60,CHEMBL2402892,CS(=O)(=O)N1CCN(CC(O)CN2CCC(CNC(=O)c3cccc4nc(C5CC5)[nH]c34)CC2)CC1,,4.3,0,518.267524696
61,CHEMBL2402901,COC(=O)N(C)CC(O)CN1CCC(CNC(=O)c2cccc3nc(C(C)C)[nH]c23)CC1,,4.3,0,445.2689046000001
62,CHEMBL2402887,CS(=O)(=O)N1CCN(CC(O)CN2CCC(CNC(=O)c3cccc4[nH]cnc34)CC2)CC1,,4.3,0,478.236224568
63,CHEMBL503427,CN1C(=O)[C@@H](CN2CCCCC2)C[C@H]1C#Cc1ccc2c(c1)CCO2,,4.300000019,0,338.19942807199993
64,CHEMBL3311308,COc1ccc(S(=O)(=O)Nc2c(C)cc(C)cc2C)cc1,<,4.300000029,0,305.108564468
65,CHEMBL3925945,COc1ccc2nc(NC3=NC4(CO3)CN3CCC4CC3)sc2c1,,4.327902142,0,344.13069687999996
66,CHEMBL4071766,Cc1cccc(-c2cnc(NC3=NC[C@@]4(CN5CCC4CC5)O3)nc2)c1,,4.356547324,0,349.190260356
67,CHEMBL2180836,COc1ccc(-c2cc(NC(=O)CCCN3CCCCCC3)n[nH]2)cc1,,4.386065344,0,356.22122613600004
68,CHEMBL2180835,COc1ccc(-c2cc(NC(=O)CCCN3CCCCC3)n[nH]2)cc1,,4.386065344,0,342.20557607200004
69,CHEMBL3982852,c1nc2cc(NC3=NCC4(CN5CCC4CC5)O3)ccc2s1,,4.387216143,0,314.12013219600004
70,CHEMBL2402893,CC(C)(C)c1nc2c(C(=O)NCC3CCN(CC(O)CN4CCN(S(C)(=O)=O)CC4)CC3)cccc2[nH]1,,4.4,0,534.298824824
71,CHEMBL2151441,Cc1ccc(C(=O)N[C@@H]2C3CCN(CC3)[C@H]2Cc2cccnc2)s1,,4.4,0,341.156183356
72,CHEMBL2402899,CC(=O)N1CCN(CCN2CCC(CNC(=O)c3cccc4nc(C(C)C)[nH]c34)CC2)CC1,,4.4,0,454.30562445600003
73,CHEMBL2180264,O=C(N[C@H]1C2CCN(CC2)[C@@H]1Cc1cccnc1)c1cc2ccccc2o1,,4.4,0,361.179026976
74,CHEMBL4091037,Cc1nccnc1NC1=NC[C@@]2(CN3CCC2CC3)O1,,4.408935393,0,273.158960228
75,CHEMBL4078355,Clc1ccc2c(NC3=NCC4(CN5CCC4CC5)N3)ncnn12,,4.420216403,0,331.13122125600006
76,CHEMBL2179879,O=C(N[C@@H]1C2CCN(CC2)[C@H]1Cc1cccnc1)c1cc2cc(Cl)ccc2o1,,4.45,0,395.14005462399996
77,CHEMBL3897030,Brc1ccc2c(NC3=NC[C@@]4(CN5CCC4CC5)O3)ncnn12,,4.468521083,0,376.06472126400007
78,CHEMBL4067446,Clc1ccc2nc(NC3=NCC4(CN5CCC4CC5)N3)sc2n1,,4.494850022,0,348.0923932240001
79,CHEMBL4088682,COc1ccc2nc(NC3=NCC4(CN5CCC4CC5)N3)sc2c1,,4.494850022,0,343.14668129200004
80,CHEMBL2180835,COc1ccc(-c2cc(NC(=O)CCCN3CCCCC3)[nH]n2)cc1,<,4.499999953,0,342.20557607200004
81,CHEMBL2180836,COc1ccc(-c2cc(NC(=O)CCCN3CCCCCC3)[nH]n2)cc1,<,4.499999953,0,356.22122613600004
82,CHEMBL388049,COc1ccc(C[N+]23CC[C@H]4[C@@H]2C[C@H](/C2=C/N5c6ccccc6[C@@]67CC[N+]8(Cc9ccc(OC)c(OC)c9)CC9=CCO[C@H]([C@@H]([C@H]56)[C@H]9C[C@@H]78)N(c5ccccc5)[C@@H]24)/C(=C\\CO)C3)cc1OC,,4.511439349,0,888.48148860818
83,CHEMBL415569,OC/C=C1/C[N+]2(C3C=CCCC3)CC[C@H]3[C@@H]2C[C@@H]1/C1=C/N2c4ccccc4[C@@]45CC[N+]6(C7C=CCCC7)CC7=CCO[C@H]([C@@H]([C@H]24)[C@H]7C[C@@H]56)N(c2ccccc2)[C@@H]13,,4.511439349,0,748.47053000018
84,CHEMBL415570,O=[N+]([O-])c1ccc(C[N+]23CCC4[C@@H]2C[C@H](/C2=C/N5c6ccccc6[C@@]67CC[N+]8(Cc9ccc([N+](=O)[O-])cc9)CC9=CCO[C@H]([C@@H]([C@H]56)[C@H]9C[C@@H]78)N(c5ccccc5)[C@@H]24)/C(=C\\CO)C3)cc1,,4.511439349,0,858.4093862881801
85,CHEMBL229999,C[N+](C)(Cc1ccc([N+](=O)[O-])cc1)Cc1c2n(c3ccccc13)Cc1c(C[N+](C)(C)Cc3ccc([N+](=O)[O-])cc3)c3ccccc3n1C2,,4.5142929,0,644.31000660018
86,CHEMBL388049,COc1ccc(C[N+]23CC[C@H]4[C@@H]2C[C@H](C2=CN5c6ccccc6[C@@]67CC[N+]8(Cc9ccc(OC)c(OC)c9)CC9=CCO[C@H]([C@@H]([C@H]56)[C@H]9C[C@@H]78)N(c5ccccc5)[C@@H]24)/C(=C\\CO)C3)cc1OC,,4.52,0,888.48148860818
87,CHEMBL415570,O=[N+]([O-])c1ccc(C[N+]23CCC4[C@@H]2C[C@H](C2=CN5c6ccccc6[C@@]67CC[N+]8(Cc9ccc([N+](=O)[O-])cc9)CC9=CCO[C@H]([C@@H]([C@H]56)[C@H]9C[C@@H]78)N(c5ccccc5)[C@@H]24)/C(=C\\CO)C3)cc1,,4.52,0,858.4093862881801
88,CHEMBL415569,OC/C=C1/C[N+]2(C3C=CCCC3)CC[C@H]3[C@@H]2C[C@@H]1C1=CN2c4ccccc4[C@@]45CC[N+]6(C7C=CCCC7)CC7=CCO[C@H]([C@@H]([C@H]24)[C@H]7C[C@@H]56)N(c2ccccc2)[C@@H]13,,4.52,0,748.47053000018
89,CHEMBL1949930,COc1cc(OC(C)C)cc(S(=O)(=O)c2ccc3c(c2)O[C@H]2CNCC[C@@H]32)c1,,4.52,0,403.14534390000006
90,CHEMBL2087447,O=C(CCCCN1CCCCC1)Nc1cc(-c2ccc(F)cc2)n[nH]1,<,4.522878745,0,344.20123964000004
91,CHEMBL2086584,COc1ccc(-c2cc(NC(=O)C(C)CCCN3CCCN(C(C)=O)CC3)[nH]n2)cc1,<,4.522878745,0,427.25833991600007
92,CHEMBL1083788,O=C(NCCCCN1CCCCC1)Nc1ccc(-c2ccc(F)nc2)nc1,<,4.522878745,0,371.21213867200004
93,CHEMBL2087445,COc1ccccc1-c1cc(NC(=O)CCCCN2CCCCC2)n[nH]1,<,4.522878745,0,356.22122613600004
94,CHEMBL1084876,O=C(NCCCCN1CCCCC1)Nc1ccc(-c2ccc(F)nc2)cc1,<,4.522878745,0,370.21688970400004
95,CHEMBL2087447,O=C(CCCCN1CCCCC1)Nc1cc(-c2ccc(F)cc2)[nH]n1,<,4.522878745,0,344.20123964000004
96,,Cc1sc2ncnc(SCc3c(Cl)cccc3Cl)c2c1C,,4.522878745,0,353.981895744
97,CHEMBL1083787,O=C(NCCCCN1CCCCC1)Nc1ccc(-c2ccc(F)cc2)nc1,<,4.522878745,0,370.21688970400004
98,CHEMBL2086584,COc1ccc(-c2cc(NC(=O)C(C)CCCN3CCCN(C(C)=O)CC3)n[nH]2)cc1,<,4.522878745,0,427.25833991600007
99,CHEMBL2087443,COc1ccc(-c2cc(NC(=O)CCCCN3CCCCC3)[nH]n2)cc1,<,4.522878745,0,356.22122613600004
100,CHEMBL2087456,COc1ccc(-c2cc(NC(=O)CCCCN3CCCCCC3)[nH]n2)cc1,<,4.522878745,0,370.23687620000004
101,CHEMBL2087457,COc1ccc(-c2cc(NC(=O)CCCCN3CCCOCC3)[nH]n2)cc1,<,4.522878745,0,372.216140756
102,CHEMBL2087457,COc1ccc(-c2cc(NC(=O)CCCCN3CCCOCC3)n[nH]2)cc1,<,4.522878745,0,372.216140756
103,CHEMBL1083485,O=C(NCCCCN1CCCCC1)Nc1ccc(-c2ccccc2F)nc1,<,4.522878745,0,370.21688970400004
104,CHEMBL2087456,COc1ccc(-c2cc(NC(=O)CCCCN3CCCCCC3)n[nH]2)cc1,<,4.522878745,0,370.23687620000004
105,CHEMBL1084365,COc1ccccc1-c1ccc(NC(=O)NCCCCN2CCCCC2)cn1,<,4.522878745,0,382.23687620000004
106,CHEMBL1086577,O=C(NCCCCN1CCCCC1)Nc1ccc(-c2ccccn2)nc1,<,4.522878745,0,353.22156048400007
107,CHEMBL2087453,COc1ccc(-c2cc(NC(=O)CCCCN3CCOCC3)n[nH]2)cc1,<,4.522878745,0,358.2004906920001
108,CHEMBL2087443,COc1ccc(-c2cc(NC(=O)CCCCN3CCCCC3)n[nH]2)cc1,<,4.522878745,0,356.22122613600004
109,,CC(=O)c1c(N)nc(-c2ccccc2)nc1SCc1ccccc1,,4.522878745,0,335.109233164
110,CHEMBL4070615,C[C@H]1[C@H]2C(=O)N(C)c3ccncc3[C@H]2CN1S(=O)(=O)c1ccc2c(c1)OCO2,<,4.522878745,0,401.10454170799994
111,CHEMBL2087448,O=C(CCCCN1CCCCC1)Nc1cc(-c2ccc(Br)cc2)n[nH]1,<,4.522878745,0,404.12117352000007
112,CHEMBL2087448,O=C(CCCCN1CCCCC1)Nc1cc(-c2ccc(Br)cc2)[nH]n1,<,4.522878745,0,404.12117352000007
113,CHEMBL2087453,COc1ccc(-c2cc(NC(=O)CCCCN3CCOCC3)[nH]n2)cc1,<,4.522878745,0,358.2004906920001
114,,Cc1ccc(CSc2ncnc3sc(C)c(C)c23)cc1,,4.522878745,0,300.075490512
115,CHEMBL1084363,O=C(NCCCCN1CCCCC1)Nc1ccc(-c2ccccn2)cc1,<,4.522878745,0,352.226311516
116,CHEMBL1084364,O=C(NCCCCN1CCCCC1)Nc1ccc(-c2ccccc2)nc1,<,4.522878745,0,352.226311516
117,,CS(=O)(=O)c1ccc(-c2cnc(NCc3ccco3)n3cnnc23)cc1,,4.522878745,0,369.0895603400001
118,CHEMBL2086582,COc1ccc(-c2cc(NC(=O)CCCCN3CCCN(C(C)=O)CC3)[nH]n2)cc1,<,4.522878745,0,413.24268985200007
119,CHEMBL2086582,COc1ccc(-c2cc(NC(=O)CCCCN3CCCN(C(C)=O)CC3)n[nH]2)cc1,<,4.522878745,0,413.24268985200007
120,,c1ccc(CSc2ncnc3sc4c(c23)CCC4)cc1,,4.522878745,0,298.059840448
121,CHEMBL2087445,COc1ccccc1-c1cc(NC(=O)CCCCN2CCCCC2)[nH]n1,<,4.522878745,0,356.22122613600004
122,CHEMBL397434,c1ccc(CSc2ncnc3nc[nH]c23)cc1,,4.522878745,0,242.06261732
123,CHEMBL2047574,OC(CCN1CC=C(Cc2ccccc2)CC1)c1ccc(Cl)c(Cl)c1,,4.53,0,375.115669716
124,CHEMBL3961124,Clc1ccc2c(NC3=NC[C@@]4(CN5CCC4CC5)O3)ncnn12,,4.537602002,0,332.1152368440001
125,CHEMBL389120,COc1ccc(C[N+]23CC[C@H]4[C@@H]2C[C@H]2C(=CCO[C@@H]5[C@H]2[C@@H]4N(c2ccccc2)[C@@H]2OCC=C4C[N+]6(Cc7ccc(OC)c(OC)c7)CC[C@]78c9ccccc9N5[C@H]7[C@H]2[C@H]4C[C@@H]86)C3)cc1OC,,4.540959566,0,888.48148860818
126,CHEMBL3891068,Brc1cc(Br)n2ncnc(NC3=NC[C@@]4(CN5CCC4CC5)O3)c12,,4.552841969,0,453.975233332
127,CHEMBL3910268,COc1cc2nc(NC3=NCC4(CN5CCC4CC5)O3)sc2cc1OC,,4.568636236,0,374.14126156399993
128,CHEMBL244561,C=CC[N+]12CC[C@H]3[C@@H]1C[C@H]1C(=CCO[C@@H]4[C@H]1[C@@H]3N(c1ccccc1)[C@@H]1OCC=C3CN5CC[C@]67c8ccccc8N4[C@H]6[C@H]1[C@H]3C[C@H]57)C2,,4.580959566,0,627.36935316409
129,CHEMBL11608,NCCc1ccc(O)cc1,,4.585026652,0,137.084063972
130,CHEMBL459689,CN1C(=O)[C@@H](CN2CCCCC2)C[C@H]1C#Cc1ccc2c(ccn2C)c1,,4.60000005,0,349.215412484
131,CHEMBL4060134,Cn1cnc(C(=O)N2CCN(C(=O)c3ccc(Nc4nc5ccccc5n5nnnc45)cc3)CC2)c1,,4.600000075,0,482.1927199440001
132,CHEMBL4284872,COc1ccc(Cl)cc1OC1CN(S(=O)(=O)c2ccc3[nH]c(=O)oc3c2)C1,<,4.602059991,0,410.03393488
133,CHEMBL3907949,c1ccc(-c2ccc(NC3=NC[C@@]4(CN5CCC4CC5)O3)nc2)cc1,,4.657577319,0,334.179361324
134,CHEMBL395727,C[N+]12CC[C@H]3[C@@H]1C[C@H]1C(=CCO[C@@H]4[C@H]1[C@@H]3N(c1ccccc1)[C@@H]1OCC=C3C[N+]5(C)CC[C@]67c8ccccc8N4[C@H]6[C@H]1[C@H]3C[C@@H]75)C2,,4.6742929,0,616.37662961618
135,CHEMBL3945453,c1ccc(-c2cnc(NC3=NCC4(CN5CCC4CC5)O3)s2)cc1,,4.698970004,0,340.1357822599999
136,CHEMBL2402888,CS(=O)(=O)N1CCN(CC(O)CN2[C@H]3CC[C@@H]2C[C@H](NC(=O)c2cccc4[nH]cnc24)C3)CC1,,4.7,0,490.23622456800007
137,CHEMBL224159,O=C(NCCN1CCOCC1)c1ccc2c(=O)n(Cc3ccc(F)cc3)c(=O)[nH]c2c1,,4.702223206,0,426.170333436
138,CHEMBL2332488,CN(C)CCCn1c(=O)c(C#N)c(-c2ccccc2)c2ccccc21,,4.720830933,0,331.168462292
139,CHEMBL3952532,COc1ccc2nc(NC3=NCC4(CN5CCC4CC5)O3)sc2c1,,4.721246399,0,344.13069687999996
140,CHEMBL3931382,N#Cc1ccc2c(NC3=NC[C@@]4(CN5CCC4CC5)O3)ncnn12,,4.721246399,0,323.14945816400007
141,CHEMBL2440659,Cc1csc(NC(=O)c2cc(F)cc(Oc3cncnc3)c2)n1,,4.73,0,330.0586748120001
142,CHEMBL4105038,Clc1ccc2nc(NC3=NCC4(CN5CCC4CC5)N3)sc2c1,,4.744727495,0,347.09714425600004
143,44427870,Brc1ccc(C[N+]23CC[C@H]4[C@@H]2C[C@H]2C(=CCO[C@@H]5[C@H]2[C@@H]4N(c2ccccc2)[C@@H]2OCC=C4C[N+]6(Cc7ccc(Br)cc7)CC[C@]78c9ccccc9N5[C@H]7[C@H]2[C@H]4C[C@@H]86)C3)cc1,,4.755669566,0,924.26025400818
144,CHEMBL499536,C[C@H](OC(=O)N[C@@H]1CN2CCC1CC2)c1ccccc1F,,4.763333379,0,292.158706132
145,CHEMBL489061,CN1CCN(c2nc(NCC3CCCCC3)c3cc(Cl)ccc3n2)CC1,,4.78,0,373.203323576
146,CHEMBL2402895,CS(=O)(=O)N1CCN(CC(O)CN2CCC(CNC(=O)c3cccc4[nH]c(-c5ccccc5)nc34)CC2)CC1,,4.8,0,554.2675246960001
147,CHEMBL224648,O=C(NCCN1CCOCC1)c1ccc2c(=O)n(Cc3ccc(Cl)cc3)c(=O)[nH]c2c1,,4.800895275,0,442.140782896
148,CHEMBL2179862,O=C(N[C@@H]1C2CCN(CC2)[C@H]1Cc1cccnc1)c1cc2ccccc2cn1,,4.81,0,372.195011388
149,CHEMBL471663,CCCCN1CCC(COc2nc3ccsc3n3cccc23)CC1,,4.827703324,0,343.17183342
150,CHEMBL4096397,c1ccc2c(NC3=NCC4(CN5CCC4CC5)N3)ncnc2c1,,4.838631998,0,308.17494464
151,CHEMBL1258006,O=C(N[C@@H]1C2CCN(CC2)[C@H]1Cc1cccnc1)c1cc2ccccc2o1,,4.84,0,361.179026976
152,,c1ccc(CSc2ncnc3sc4c(c23)CCCC4)cc1,,4.853871964,0,312.075490512
153,CHEMBL3980382,CCOc1ccc2nc(NC3=NCC4(CN5CCC4CC5)O3)sc2c1,,4.853871964,0,358.14634694399996
154,CHEMBL225485,CCC1CCCCN1CCNC(=O)c1ccc2c(=O)n(Cc3ccc(Cl)cc3)c(=O)[nH]c2c1,,4.867640728,0,468.192818468
155,CHEMBL4082605,CN1C(Nc2nc3ccc(Cl)nc3s2)=NCC12CN1CCC2CC1,,4.886056648,0,362.10804328800003
156,CHEMBL4213665,c1ccc2c(c1)nc1n2C[C@]2(CN3CCC2CC3)O1,,4.886056648,0,255.137162164
157,CHEMBL4069408,CCN1C(Nc2nc3ccc(OC)cc3s2)=NCC12CN1CCC2CC1,<,4.920818754,0,371.17798142000004
158,CHEMBL3951684,Brc1ccc2c(NC3=NC[C@@]4(CN5CCC4CC5)O3)nccn12,,4.920818754,0,375.069472296
159,CHEMBL1586599,Fc1ccccc1CSc1ncnc2sc3c(c12)CCCC3,,4.920818754,0,330.0660687
160,CHEMBL4079623,COc1cc(NC2=NC[C@@]3(CN4CCC3CC4)O2)ncn1,,4.920818754,0,289.15387484800004
161,CHEMBL462417,CNc1nc(NCCC2CCN(C)C2)nc2ccc(Cl)cc12,,4.93,0,319.156373384
162,CHEMBL224227,CC1CCCCN1CCCNC(=O)c1ccc2c(=O)n(Cc3ccc(Cl)cc3)c(=O)[nH]c2c1,,4.937028007,0,468.192818468
163,CHEMBL3953577,Oc1ccc2nc(NC3=NCC4(CN5CCC4CC5)O3)sc2c1,,4.958607315,0,330.11504681599996
164,CHEMBL4211836,COc1ccc(-c2cccc3c2nc2n3C[C@@]3(CN4CCC3CC4)O2)cc1,,4.982966661,0,361.179026976
165,CHEMBL138458,COC1Cc2ccccc2C2(CCN(CCCc3ccccc3)CC2)O1,<,5,0,351.219829168
166,CHEMBL141209,COC1Cc2ccccc2C2(CCN(Cc3ccccc3)CC2)O1,<,5,0,323.18852904
167,CHEMBL1210154,C/C(=N\\OC(=O)Nc1ccccc1)c1cccc(-c2cccs2)c1,<,5,0,336.093248752
168,CHEMBL4066807,CC(C)c1cc(NC2=NC[C@@]3(CN4CCC3CC4)O2)ncn1,<,5,0,301.19026035600007
169,CHEMBL363124,c1ccc2c(N3CCN(CCc4ccc5n[nH]nc5c4)CC3)cccc2c1,,5,0,357.195345736
170,CHEMBL183776,COc1ccccc1N1CCN(CCc2ccc3n[nH]nc3c2)CC1,,5,0,337.190260356
171,CHEMBL292779,Fc1cccc(CCN2CCN(CCCc3c[nH]c4ccc(-n5cnnc5)cc34)CC2)c1,<,5,0,432.2437731480001
172,CHEMBL2179217,COc1ccc(S(=O)(=O)n2cc(C)c3cc(Cl)ccc32)cc1NC1CCN(C)CC1,<,5,0,447.1383403720001
173,CHEMBL138809,COC1OC2(CCN(Cc3ccccc3)CC2)c2ccccc21,<,5,0,309.17287897600005
174,CHEMBL595449,CN(C)Cc1nc(-c2ccc(C(C)(C)C)cc2)n(-c2cccc(O)c2)n1,<,5,0,350.210661452
175,CHEMBL184770,Cc1cccc(N2CCN(CCc3ccc4n[nH]nc4c3)CC2)c1C,,5,0,335.2109958
176,CHEMBL2179222,COc1ccc(S(=O)(=O)n2cc(C)c3cc(Cl)cnc32)cc1NC1CCN(C)CC1,<,5,0,448.1335893400001
177,CHEMBL250699,COc1cc(NC(=O)c2ccc(-c3ccc(Cl)cc3)o2)cc(OC)c1,<,5,0,357.0767856719999
178,CHEMBL2391541,C=CCN(CC=C)CCc1c[nH]c2ccc(OC)cc12,,5,0,270.173213324
179,CHEMBL4563408,O=C(Nc1ccc(OC(F)F)nc1)NC1CCN(c2ncnc3c2nc(-c2ccccc2Cl)n3-c2ccc(Cl)cc2)CC1,<,5,0,624.1367338080001
180,CHEMBL4092614,c1ncc(NC2=NC[C@@]3(CN4CCC3CC4)O2)cn1,<,5,0,259.143310164
181,CHEMBL3104092,CN1CCc2c(c3cccc4c3n2Cc2ccccc2C4)C1,,5,0,288.16264864
182,CHEMBL3104091,CN1CCc2c(c3cccc4c3n2-c2ccccc2CC4)C1,,5,0,288.16264864
183,CHEMBL599760,CC(=O)N1CCN(C[C@@H](C)NC(=O)c2cc3c(-c4ccccc4)nn(C)c3s2)CC1,,5,0,425.18854610400007
184,CHEMBL33884,Cn1cc(C(=O)OCC2CCN(CC=N[SH](C)(=O)O)CC2)c2ccccc21,,5,0,393.172227344
185,CHEMBL120055,Cc1ccccc1N1CCN(C(=O)COc2ccc3[nH]cc(CCN)c3c2)CC1,<,5,0,392.221226136
186,CHEMBL1082723,C[C@H]1Cc2c([nH]c3cc(Cl)c(F)cc23)[C@@]2(N1)C(=O)Nc1ccc(Cl)cc12,<,5,0,389.049795648
187,CHEMBL30713,CC(N)Cc1c[nH]c2ccccc12,,5,0,174.115698448
188,56593934,CC/N=C(\\NS(=O)(=O)c1cccc(Cl)c1)N1CC2(C=N1)CCNCC2,,5,0,383.11827362400004
189,CHEMBL1834350,CCN/C(=N\\S(=O)(=O)c1cccc(Cl)c1)N1CC2(C=N1)CCNCC2,,5,0,383.11827362400004
190,CHEMBL1632174,O=C(O)CCCCCN1CCC(CNC(=O)c2c3n(c4ccccc24)CCCO3)CC1,,5,0,427.247106536
191,CHEMBL4216865,Brc1nc2n(c1Br)C[C@]1(CN3CCC1CC3)O2,,5.013228266,0,360.942536236
192,CHEMBL4102566,c1ccc(-c2cc(NC3=NC[C@@]4(CN5CCC4CC5)O3)ncn2)cc1,,5.036212173,0,335.17461029200007
193,CHEMBL3944506,COc1ccc2nc(NC3=NC[C@@]4(CN5CCC4CC5)O3)sc2c1,,5.040958608,0,344.13069687999996
194,CHEMBL1417859,c1ccc(CSc2ncnc3sccc23)cc1,,5.045757491,0,258.02854032
195,CHEMBL4084621,c1cn(-c2cc(NC3=NC[C@@]4(CN5CCC4CC5)O3)ncn2)cn1,,5.091514981,0,325.16510822800007
196,CHEMBL3927478,Clc1ccc2nc(NC3=NCC4(CN5CCC4CC5)O3)sc2c1,,5.091514981,0,348.081159844
197,71714544,CC(F)(F)c1nc2cccc(C(=O)NCC3CCN(CC(O)CN4CCN(S(C)(=O)=O)CC4)CC3)c2[nH]1,,5.1,0,542.2486810720001
198,CHEMBL1210515,O=C(CN1N=C(C2CCCCC2)CC(=Cc2ccco2)C1=O)NC1Cc2ccccc2C1,,5.1,0,431.220891788
199,CHEMBL2402894,CC(F)(F)c1nc2c(C(=O)NCC3CCN(CC(O)CN4CCN(S(C)(=O)=O)CC4)CC3)cccc2[nH]1,,5.1,0,542.2486810720001
200,CHEMBL1210515,O=C(Cn1nc(C2CCCCC2)cc(Cc2ccco2)c1=O)NC1Cc2ccccc2C1,,5.100000128,0,431.220891788
201,46831055,O=C(NCCCCN1CCCCC1)Nc1ccc(-c2ccccc2)cc1,,5.102371939,0,351.231062548
202,CHEMBL1086333,COc1ccccc1-c1ccc(NC(=O)NCCCCN2CCCCC2)cc1,,5.108603598,0,381.24162723200004
203,CHEMBL388212,C1=C2CN3CC[C@]45c6ccccc6N6[C@H]4[C@@H]([C@H]2C[C@H]35)[C@@H](OC1)N(c1ccccc1)[C@@H]1[C@H]2CCN3CC4=CCO[C@@H]6[C@@H]1[C@H]4C[C@@H]23,,5.122869152,0,586.330776584
204,CHEMBL388401,O=C(NCCN1CCCC1)c1ccc2c(=O)n(Cc3ccc(Cl)cc3)c(=O)[nH]c2c1,,5.123292491,0,426.145868276
205,CHEMBL19114,NCCc1coc2ccc(C(N)=O)cc12,,5.13,0,204.089877624
206,CHEMBL4086223,Cc1ccc2nc(NC3=NCC4(CN5CCC4CC5)N3)oc2c1,,5.13076828,0,311.174610292
207,CHEMBL597737,Fc1ccccc1-c1ccc2oc(N3CCN4CCC3CC4)nc2n1,<,5.136082623,0,338.15428944800004
208,CHEMBL3941279,c1ccc2sc(NC3=NC[C@]4(CN5CCC4CC5)O3)nc2c1,,5.13667714,0,314.120132196
209,CHEMBL605573,c1ccc(Oc2ccc3oc(N4CCN5CCC4CC5)nc3n2)cc1,,5.17,0,336.15862588000005
210,CHEMBL4101249,COc1cnc(NC2=NC[C@@]3(CN4CCC3CC4)O2)cn1,,5.173925197,0,289.15387484800004
211,CHEMBL4077127,c1cn(-c2cc(NC3=NCC4(CN5CCC4CC5)N3)ncn2)cn1,,5.193820026,0,324.18109264000003
212,CHEMBL610228,c1cc2oc(N3CCN4CCC3CC4)nc2nc1N1CCCC1,,5.2,0,313.190260356
213,CHEMBL3084437,CN1[C@H]2CCC[C@@H]1C[C@@H](NC(=O)c1nn(CCOCCOCCNC(=S)Nc3ccc(-c4c5ccc(=O)cc-5oc5cc(O)ccc45)c(C(=O)O)c3)c3ccccc13)C2,,5.2,0,818.3097834320001
214,76335133,CN1[C@H]2CCC[C@@H]1CC(NC(=O)c1nn(CCOCCOCCNC(=S)Nc3ccc(-c4c5ccc(=O)cc-5oc5cc(O)ccc45)c(C(=O)O)c3)c3ccccc13)C2,,5.20066,0,818.3097834320001
215,CHEMBL2058416,CNc1nc(O)c(C=C2C=Nc3ccc(Br)cc32)n1C,,5.21,0,332.027273136
216,CHEMBL224641,CC1CCCCN1CCCNC(=O)c1ccc2c(=O)n(C3CCCCC3)c(=O)[nH]c2c1,,5.229431992,0,426.26309094799996
217,CHEMBL2058415,CNc1nc(O)c(C=C2C=Nc3cccc(Br)c32)n1C,,5.23,0,332.027273136
218,CHEMBL1084631,O=C(NCCCCN1CCCCC1)Nc1ccc(-c2ccc(F)cc2)cc1,,5.237714671,0,369.221640736
219,CHEMBL224246,O=C(NCCCN1CCCCC1)c1ccc2c(=O)n(Cc3ccc(Cl)cc3)c(=O)[nH]c2c1,,5.242750096,0,454.177168404
220,46831057,O=C(NCCCCN1CCCCC1)Nc1ccc(-c2ccccc2F)cc1,,5.244126763,0,369.221640736
221,CHEMBL2205362,COc1cc2oc(C(=O)N(CCCN3CCCCC3)c3ccccc3)c(C)c2cc1OC,,5.25,0,436.236207504
222,CHEMBL4093984,Clc1cnc(NC2=NCC3(CN4CCC3CC4)N2)cn1,,5.251811973,0,292.12032222400006
223,CHEMBL3910223,Brc1ccn2ncnc(NC3=NC[C@@]4(CN5CCC4CC5)O3)c12,,5.251811973,0,376.064721264
224,CHEMBL605562,COc1ccc2c(c1)c(C(=O)NC1C[C@@H]3CCC[C@@H](C1)N3C)nn2C,,5.28,0,342.20557607200004
225,CHEMBL2298806,c1ccc2c(N3CCN(CCc4ccc5[nH]cnc5c4)CC3)cccc2c1,,5.28,0,356.200096768
226,10247701,c1ccc2c(N3CCN(CCc4ccc5nc[nH]c5c4)CC3)cccc2c1,,5.28,0,356.200096768
227,CHEMBL584743,COc1cccc([C@]2(O)CCCC[C@H]2CN(C)CCNC(=O)c2cc(Cl)c(N)cc2OC)c1,,5.30986928,0,475.22378424799996
228,CHEMBL376596,CCC1CCCCN1CCCNC(=O)c1ccc2c(=O)n(Cc3ccc(Cl)cc3)c(=O)[nH]c2c1,,5.319172508,0,482.20846853200004
229,CHEMBL18928,NCCC1COc2ccc(C(N)=O)cc21,,5.37,0,206.105527688
230,CHEMBL3946303,Cn1cnc2cnc(NC3=NC[C@@]4(CN5CCC4CC5)O3)cc21,,5.37675071,0,312.16985925999995
231,CHEMBL415568,C[N+]12CC[C@H]3[C@@H]1C[C@H](/C1=C/N4c5ccccc5[C@@]56CC[N+]7(C)CC8=CCO[C@H]([C@@H]([C@H]45)[C@H]8C[C@@H]67)N(c4ccccc4)[C@@H]13)/C(=C\\CO)C2,,5.388375448,0,616.37662961618
232,CHEMBL3909492,Cn1cnc2cc(NC3=NC[C@@]4(CN5CCC4CC5)O3)ncc21,,5.397940009,0,312.16985926
233,CHEMBL18710,CN(C)CCc1coc2ccc(C(N)=O)cc12,,5.4,0,232.121177752
234,CHEMBL563848,O=C(Oc1ccccc1)N1CCN2CCC1CC2,,5.4,0,246.136827816
235,CHEMBL415568,C[N+]12CC[C@H]3[C@@H]1C[C@H](C1=CN4c5ccccc5[C@@]56CC[N+]7(C)CC8=CCO[C@H]([C@@H]([C@H]45)[C@H]8C[C@@H]67)N(c4ccccc4)[C@@H]13)/C(=C\\CO)C2,,5.4,0,616.37662961618
236,CHEMBL328866,COc1cc(NC(=O)C2CC2)c(Cl)cc1C(=O)N[C@H]1CCN(Cc2ccccc2)C1,,5.4,0,427.166269372
237,CHEMBL117287,COCCCN1CCC(NC(=O)c2cc(Cl)c(N)c3c2OCC3)CC1,,5.4,0,367.166269372
238,CHEMBL519609,CCN(CC)CCCOC(=O)N1c2ccccc2Sc2ccccc21,,5.41,0,356.155849008
239,CHEMBL13790,N=C(N)NC(=N)Nc1cccc(Cl)c1,,5.420216403,0,211.06247299999998
240,CHEMBL3972330,Cc1ccc2nc(NC3=NCC4(CN5CCC4CC5)O3)sc2c1,,5.420216403,0,328.13578226
241,CHEMBL565547,Cc1nc2c3c(nc(Cc4ccccc4)n2n1)CCNCC3,,5.43,0,293.164045608
242,11162995,c1ccc(-c2cnc3oc(N4CCN5CCC4CC5)nc3c2)cc1,,5.43498,0,320.16371126
243,CHEMBL461729,CNc1nc(N2CC3CCCNC3C2)nc2ccc(Cl)cc12,,5.45,0,317.14072332
244,CHEMBL231056,C1=CC([N+]23CC[C@H]4[C@@H]2C[C@H]2C(=CCO[C@@H]5[C@H]2[C@@H]4N(c2ccccc2)[C@@H]2OCC=C4C[N+]6(C7C=CCCC7)CC[C@]78c9ccccc9N5[C@H]7[C@H]2[C@H]4C[C@@H]86)C3)CCC1,,5.452182503,0,748.47053000018
245,49783415,CCCCN1CCC(COC(=O)c2ccc(N)c(OC)c2)CC1,,5.45457,0,320.209992756
246,CHEMBL572038,COc1cccc([C@@]2(O)CCCC[C@@H]2CN(C)CCNC(=O)c2cc(Cl)c(N)cc2OC)c1,,5.45728797,0,475.22378424799996
247,,CCOc1ccc(CSc2ncnc(SCc3ccc(OCC)cc3)c2N)cc1,,5.468521083,0,427.13881904000004
248,CHEMBL608726,Cc1cnc2nc(N3CCN4CCC3CC4)oc2c1,,5.47,0,258.148061196
249,11572597,CCc1ccc2oc(N3CCN4CCC3CC4)nc2n1,,5.480171337,0,272.16371126
250,CHEMBL225601,O=C(NCCN1CCCCC1)c1ccc2c(=O)n(Cc3ccc(Cl)cc3)c(=O)[nH]c2c1,,5.480990707,0,440.16151834
251,CHEMBL564850,O=C(Oc1ccc2ccccc2c1)N1CCN2CCC1CC2,<,5.500312917,0,296.15247788
252,CHEMBL559478,O=C(Oc1ccc(Br)cc1)N1CCN2CCC1CC2,<,5.500312917,0,324.04733988400005
253,CHEMBL569357,COc1cc(N)c(Cl)cc1C(=O)NCCN(C)C[C@H]1CCCC[C@]1(O)c1cccc(O)c1,,5.509092204,0,461.20813418399996
254,CHEMBL598805,CN1[C@H]2CCC[C@H]1CC(NC(=O)c1nn(C)c3ccc(OCc4ccccc4)cc13)C2,,5.52,0,418.2368762
255,CHEMBL481863,c1ccc2oc(Oc3ccc(OCCN4CCCCC4)cc3)nc2c1,,5.52,0,338.163042564
256,CHEMBL404232,CN1C(=N)N(C)/C(=C/c2c[nH]c3ccccc23)C1=O,,5.52,0,254.116761068
257,CHEMBL654,CN1CCN2c3ncccc3Cc3ccccc3C2C1,,5.54,0,265.157897608
258,CHEMBL597440,Fc1cnc2nc(N3CCN4CCC3CC4)oc2c1,,5.540365546,0,262.12298932
259,CHEMBL224160,CC1CCCCN1CCNC(=O)c1ccc2c(=O)n(Cc3ccc(Cl)cc3)c(=O)[nH]c2c1,,5.551894646,0,454.177168404
260,45485675,COc1cccc([C@@]2(O)CCCC[C@@H]2CN2CC[C@@H](NC(=O)c3cc(Cl)c(N)cc3OC)[C@@H](OC)C2)c1,,5.552841312,0,531.2499989959999
261,46906000,COc1cc(N)c(Cl)cc1C(=O)NCCN(C)CC1CCCCC1(O)c1cccc(O)c1,,5.552841312,0,461.20813418399996
262,,Clc1ccccc1CSc1ncnc2nc[nH]c12,,5.552841969,0,276.023644968
263,CHEMBL224008,COc1cccc(Cn2c(=O)[nH]c3cc(C(=O)NCCN4CCCCC4)ccc3c2=O)c1,,5.569090824,0,436.211055376
264,62705633,C/N=C1\\N(C)C(=O)/C(=C\\c2c[nH]c3ccc(Br)cc23)N1C,,5.58104,0,346.0429232
265,CHEMBL3093187,Fc1cccc2c1nc(OCC1CCN(CCCC(F)(F)F)CC1)c1cccnc12,,5.59,0,421.177725236
266,CHEMBL1632158,COC(=O)CCCCCN1CCC(CNC(=O)c2c3n(c4ccccc24)CCCO3)CC1,,5.6,0,441.2627566
267,CHEMBL519240,Nc1nc2c(c(N3CCNCC3)n1)CC=C1O[C@H]3CCCC[C@H]3C12,,5.6,0,327.20591042
268,5362436,CCCCC/N=C(\\N)NN=Cc1c[nH]c2ccc(OC)cc12,,5.6,0,301.190260356
269,CHEMBL76370,CCCCCNC(N)=N/N=C/c1c[nH]c2ccc(OC)cc12,,5.6,0,301.190260356
270,CHEMBL479683,O=c1cc(CCc2ccccc2)oc2cccc(O)c12,,5.6,0,266.09429430800003
271,CHEMBL388048,OC/C=C1/CN2CC[C@H]3[C@@H]2C[C@@H]1/C1=C/N2c4ccccc4[C@@]45CCN6CC7=CCO[C@H]([C@@H]([C@H]24)[C@H]7C[C@H]65)N(c2ccccc2)[C@@H]13,,5.601029687,0,586.330776584
272,45485619,COc1cc(N)c(Cl)cc1C(=O)NCCN(C)C[C@@H]1CCCC[C@@]1(O)c1cccc(O)c1,,5.602059994,0,461.20813418399996
273,CHEMBL2181188,CCCN1CCC(COc2nc3c(Cl)cccc3c3ccccc23)CC1,,5.61,0,368.16554110000004
274,CHEMBL223331,O=C(NCCN1CCCCC1)c1ccc2c(=O)n(Cc3cccc(F)c3)c(=O)[nH]c2c1,,5.619859172,0,424.19106888
275,CHEMBL461360,CNc1nc(N2CC[C@H](N)C2)nc2ccc(Cl)cc12,,5.63,0,277.109423192
276,CHEMBL3895986,c1cncc(/N=C2\\NCC3(CN4CCC3CC4)O2)c1,,5.638272164,0,258.148061196
277,CHEMBL1770373,c1ccc(Cc2ncc3c(n2)CCNCC3)cc1,,5.638848109,0,239.14224754399999
278,CHEMBL3980345,Brc1cc2c(NC3=NC[C@@]4(CN5CCC4CC5)O3)ncnn2c1,,5.657577319,0,376.06472126400007
279,CHEMBL224766,Cn1c(=O)[nH]c2cc(C(=O)NCCN3CCCCC3)ccc2c1=O,,5.658384879,0,330.16919056399996
280,CHEMBL225600,CCCn1c(=O)[nH]c2cc(C(=O)NCCN3CCCCC3)ccc2c1=O,,5.658384879,0,358.20049069199996
281,11276604,c1cc2oc(N3CCN4CCC3CC4)nc2cn1,,5.67366,0,244.132411132
282,11244122,c1ccc(-c2cnc3nc(N4CCN5CCC4CC5)oc3c2)cc1,,5.67428,0,320.16371126
283,CHEMBL225484,O=C(NCCN1CCCCC1)c1ccc2c(=O)n(Cc3ccccc3F)c(=O)[nH]c2c1,,5.67852047,0,424.19106888
284,CHEMBL223951,O=C(NCCN1CCCCC1)c1ccc2c(=O)n(Cc3ccccc3Cl)c(=O)[nH]c2c1,,5.67852047,0,440.16151834
285,CHEMBL225543,O=C(NCCN1CCCCC1)c1ccc2c(=O)n(C3CCCCC3)c(=O)[nH]c2c1,,5.699313336,0,398.23179081999996
286,CHEMBL74656,COc1cc(N)c(Cl)cc1C(=O)N[C@H]1CCN(CCCOc2ccc(F)cc2)C[C@H]1OC,,5.7,0,465.183062308
287,CHEMBL83954,COc1cc(N)c(Cl)cc1C(=O)OCCCN1CCCCC1,,5.7,0,326.139720276
288,CHEMBL606254,c1ccc(Oc2cnc3nc(N4CCN5CCC4CC5)oc3c2)cc1,,5.71,0,336.15862588
289,CHEMBL224389,O=C(NCCN1CCCCC1)c1ccc2c(=O)n(-c3ccc(F)cc3)c(=O)[nH]c2c1,,5.720830933,0,410.175418816
290,CHEMBL224778,O=C(NCCN1CCCCC1)c1ccc2c(=O)n(Cc3ccc(F)cc3)c(=O)[nH]c2c1,,5.720830933,0,424.19106888
291,44427876,OC/C=C1/CN2CC[C@H]3[C@@H]2C[C@@H]1C1=CN2c4ccccc4[C@@]45CCN6CC7=CCO[C@H]([C@@H]([C@H]24)[C@H]7C[C@H]65)N(c2ccccc2)[C@@H]13,,5.72125,0,586.330776584
292,24841480,O=C(OCCN1CCCC1)N1c2ccccc2Sc2ccccc21,,5.72125,0,340.12454888
293,CHEMBL1748,COc1cc(N)c(Cl)cc1C(=O)NC1CCNCC1OC,,5.744717394,0,313.11931918
294,CHEMBL4063152,Cc1cnc(NC2=NC[C@@]3(CN4CCC3CC4)O2)cn1,,5.769551079,0,273.158960228
295,CHEMBL570487,COc1cccc([C@]2(O)CCCC[C@H]2CN2CC[C@H](NC(=O)c3cc(Cl)c(N)cc3OC)[C@H](OC)C2)c1,,5.769700719,0,531.2499989959999
296,CHEMBL3909084,c1ccc2c(NC3=NC[C@@]4(CN5CCC4CC5)O3)nccc2c1,,5.795880017,0,308.16371126
297,CHEMBL3963788,Cc1nnc2sc(C(=O)NCc3ccc(S(=O)(=O)C(F)F)cc3)c(N)c2c1C,,5.795880017,0,426.06318881199996
298,CHEMBL224701,COc1ccc(-n2c(=O)[nH]c3cc(C(=O)NCCN4CCCCC4)ccc3c2=O)cc1,,5.797253345,0,422.19540531199993
299,CHEMBL570710,COc1cc(N)c(Cl)cc1C(=O)N[C@@H]1CCN(C[C@H]2CCCC[C@]2(O)c2cccc(O)c2)C[C@@H]1OC,,5.797253345,0,517.234348932
300,CHEMBL1729,COc1cc(N)c(Cl)cc1C(=O)NC1CCN(CCCOc2ccc(F)cc2)CC1OC,,5.82,0,465.183062308
301,10355682,C/N=C1\\N(C)C(=O)/C(=C\\c2c[nH]c3ccccc23)N1C,,5.82074,0,268.132411132
302,CHEMBL3942511,Cc1nnc2sc(C(=O)NCc3ccc(S(F)(F)(F)(F)F)cc3)c(N)c2c1C,,5.823908741,0,438.06074420000004
303,CHEMBL511312,CCN1CCC(COc2nc3ccsc3n3cccc23)CC1,,5.827703322,0,315.140533292
304,CHEMBL223387,COc1ccccc1Cn1c(=O)[nH]c2cc(C(=O)NCCN3CCCCC3)ccc2c1=O,,5.85258131,0,436.211055376
305,45485564,COc1cc(N)c(Cl)cc1C(=O)N[C@@H]1CCN(C[C@@H]2CCCC[C@@]2(O)c2cccc(O)c2)C[C@@H]1OC,,5.85387131,0,517.234348932
306,CHEMBL4076554,c1ccc2nc(NC3=NCC4(CN5CCC4CC5)N3)cnc2c1,,5.853871964,0,308.17494464
307,CHEMBL4225157,C#CCNc1nc(NCCCCC2CCN(Cc3ccccc3)CC2)c(C#N)cc1C#N,,5.853871964,0,426.25319496000003
308,24795080,O=C(c1ccc(Cl)o1)N1CC2CNCC2C1,,5.87745,0,240.066555336
309,71462776,CCCN1CCC(COc2nc3c(I)cccc3c3ccccc23)CC1,,5.8814,0,460.10116142000004
310,CHEMBL1382868,c1ccc2c(CSc3ncnc4nc[nH]c34)cccc2c1,,5.886056648,0,292.078267384
311,76335134,CCN(CC)c1ccc2cc(C(=O)NCCOCCOCCOc3cccc4c(C(=O)NC5C[C@@H]6CCC[C@H](C5)N6C)nn(C)c34)c(=O)oc2c1,,5.88606,0,702.3740979400001
312,CHEMBL224310,O=C(NCCCN1CCOCC1)c1ccc2c(=O)n(Cc3ccc(Cl)cc3)c(=O)[nH]c2c1,,5.887371098,0,456.15643296
313,CHEMBL3084443,CCN(CC)c1ccc2cc(C(=O)NCCOCCOCCOc3cccc4c(C(=O)N[C@H]5C[C@@H]6CCC[C@H](C5)N6C)nn(C)c34)c(=O)oc2c1,,5.89,0,702.3740979400001
314,CHEMBL492884,CN1CCN(c2cc(-c3ccccc3)nc(N)n2)CC1,,5.9,0,269.164045608
315,CHEMBL2402896,CC(C)c1nc2cc(Cl)cc(C(=O)NCC3CCN(CC(O)CN4CCN(S(C)(=O)=O)CC4)CC3)c2[nH]1,,5.9,0,554.2442024079999
316,62705130,CN1C(=N)N(C)/C(=C/c2c[nH]c3c(Br)cccc23)C1=O,,5.91257,0,332.027273136
317,CHEMBL266591,Cc1[nH]c2ccc(O)cc2c1CCN,,5.92,0,190.110613068
318,72698087,Fc1cccc2c1nc(OCC1CCN(CCC(F)(F)F)CC1)c1cccnc12,,5.92082,0,407.162075172
319,46179771,c1cc2oc(N3CCN4CCC3CC4)nc2nc1N1CCCCC1,,5.9431,0,327.20591042
320,CHEMBL13790,NC(N)=NC(N)=Nc1cccc(Cl)c1,,5.95,0,211.06247299999998
321,CHEMBL1258223,CCCCN1CCC(COC(=O)c2cc(Cl)c(NC)c3c2OCCO3)CC1,,5.97,0,396.18158508799996
322,CHEMBL404372,C[C@@H]1NC(N)=Nc2cccc(Cl)c21,,5.97,0,195.056325
323,44456033,C[C@@H]1N=C(N)Nc2cccc(Cl)c21,,5.97375,0,195.056325
324,CHEMBL716,OCCOCCN1CCN(C2=Nc3ccccc3Sc3ccccc32)CC1,,6,0,383.16674804
325,CHEMBL356359,CCCCN1CCC(CNC(=O)c2c3n(c4ccccc24)CCCO3)CC1,,6,0,369.241627232
326,CHEMBL3952673,O=C(NC1CC2COCC(C1)N2C(F)(F)F)c1cn(CC(F)F)c2ncccc12,<,6,0,418.1428169480001
327,CHEMBL3890732,O=C(NC1CC2COCC(C1)N2)c1cn(CC(F)F)c2ncccc12,<,6,0,350.15543232
328,CHEMBL85,CC1=NC2=CCCCN2C(=O)C1CCN1CCC(c2noc3cc(F)ccc23)CC1,,6,0,410.211804324
329,CHEMBL1210703,Cc1ccc(NC(=O)c2cc(-c3ccccc3)c(N3CCOCC3)s2)c(C)c1,,6,0,392.1558490079999
330,CHEMBL3948251,CN1C2CCC1CC(OC(=O)c1nn(CCF)c3ccccc13)C2,<,6,0,331.16960516399996
331,CHEMBL1170237,CN1C(=N)N(C)/C(=C/c2c[nH]c3ccc(Br)cc23)C1=O,,6,0,332.027273136
332,CHEMBL3943927,CN1C2CCC1CC(NC(=O)c1cn(CC(F)(F)F)c3ncccc13)C2,<,6,0,366.16674595200004
333,CHEMBL3965955,CCN1[C@@H]2COC[C@H]1C[C@@H](NC(=O)c1cn(-c3cnn(C)c3)c3ccccc13)C2,<,6,0,393.21647510400004
334,CHEMBL4107439,O=C(N[C@@H]1CN2CCC1CC2)c1cn(CC(F)F)c2ncccc12,<,6,0,334.1605177
335,CHEMBL3905503,O=C(N[C@H]1CN2CCC1CC2)c1cn(CC(F)F)c2ncccc12,<,6,0,334.1605177
336,CHEMBL3976590,O=C(OC1CC2COCC(C1)N2)c1cn(CC(F)F)c2ncccc12,<,6,0,351.1394479080001
337,CHEMBL3911652,CS(=O)(=O)n1cc(C(=O)OC23CCN(CC2)CC3)c2cc(F)ccc21,<,6,0,366.104956308
338,CHEMBL2431120,COc1cc2nc(C3CC3)nc(N3CCN(c4ccccc4OC)CC3)c2cc1OC,,6,0,420.21614075599996
339,CHEMBL3904101,CN1C2COCC1CC(OC(=O)c1cn(-c3ccc(F)nn3)c3ccc(C#N)cc13)C2,<,6,0,421.1550177200001
340,CHEMBL194305,COc1ccc2[nH]c(C)c(C3=CCNCC3)c2c1,<,6,0,242.141913196
341,CHEMBL3968048,O=C(OC1CCN2CCOC1C2)c1cn(CC(F)F)c2ccc(F)cc12,<,6,0,368.13477712800005
342,CHEMBL1112,O=C1CCc2ccc(OCCCCN3CCN(c4cccc(Cl)c4Cl)CC3)cc2N1,,6,0,447.14803246400004
343,CHEMBL1242923,O=C(Cc1ccccc1)NC1CCN(CCCN2C(=O)COc3ccccc32)CC1,,6,0,407.22089178799996
344,CHEMBL267615,CCc1[nH]c2ccc(OC)cc2c1CCN(C)C,<,6,0,246.173213324
345,CHEMBL1242950,CCCCC1CCN(CCCC(=O)c2ccccc2C)CC1,,6,0,301.240564612
346,CHEMBL148204,Nc1ccc2cc3ccccc3nc2c1,,6,0,194.08439832
347,CHEMBL715,Cc1cc2c(s1)Nc1ccccc1N=C2N1CCN(C)CC1,,6,0,312.14086764
348,CHEMBL3934387,c1ccc2sc(NC3=NCC4(CN5CCC[C@@H]4C5)O3)nc2c1,,6.022276395,0,314.120132196
349,CHEMBL4081582,Clc1ccc(NC2=NCC3(CN4CCC3CC4)N2)nc1,,6.065501549,0,291.125073256
350,11220991,Brc1cnc2nc(N3CCN4CCC3CC4)oc2c1,,6.096206695,0,322.0429232
351,1354,NC(N)=N/C(N)=N/c1cccc(Cl)c1,,6.09691,0,211.06247299999998
352,CHEMBL223715,COc1ccc(Cn2c(=O)[nH]c3cc(C(=O)NCCN4CCCCC4)ccc3c2=O)cc1,,6.097940009,0,436.211055376
353,CHEMBL1824047,NC(N)=NCCCc1ccccc1,,6.1,0,177.12659748
354,45485620,COc1cccc([C@@]2(O)CCCC[C@@H]2CN2CC[C@H](NC(=O)c3cc(Cl)c(N)cc3OC)[C@H](OC)C2)c1,,6.102371939,0,531.2499989959999
355,CHEMBL2426097,O=C(O)CCC(=O)N1N=C(c2c(O)nc3ccccc3c2-c2ccc(Cl)cc2)CC1c1ccc(Cl)cc1,,6.12,0,533.090911512
356,CHEMBL2426072,O=C(O)/C=C/C(=O)N1N=C(c2c(O)nc3ccccc3c2-c2ccc(Br)cc2)CC1c1ccc(Cl)cc1,,6.12,0,575.024745868
357,CHEMBL2397268,COc1ccc(OCC2c3ccc(OCc4ccccc4)cc3CCN2C(=O)c2cccc(Br)c2)cc1,,6.12,0,557.120170476
358,CHEMBL604083,CN1[C@H]2CCC[C@H]1CC(NC(=O)c1nn(C)c3cc(OCc4ccccc4)ccc13)C2,,6.13,0,418.2368762
359,CHEMBL4453847,O=C(N[C@H]1CN2CCC1CC2)c1cc2ccc3ccccc3n2c1,,6.148741651,0,319.168462292
360,CHEMBL2181189,CCCN1CCC(COc2nc3c(F)cccc3c3ccccc23)CC1,,6.15,0,352.19509164
361,69937654,O=C1c2cccc3c2N(CCN1[C@@H]1CN2CCC1CC2)S(=O)(=O)N3,,6.15428,0,348.12561149999993
362,CHEMBL3900472,c1nc(NC2=NC[C@@]3(CN4CCC3CC4)O2)c2ccsc2n1,,6.161150909,0,315.11538116400004
363,CHEMBL571799,COc1cccc([C@]2(O)CCCC[C@H]2CN2CC[C@@H](NC(=O)c3cc(Cl)c(N)cc3OC)[C@@H](OC)C2)c1,,6.161373725,0,531.2499989959999
364,CHEMBL2181171,CCCN1CCC(COc2nc3ccccc3c3ncccc23)CC1,,6.17,0,335.19976242
365,53238132,Cc1ccc(Sc2c(C)cccc2N2CCNCC2)c(C)c1,,6.17393,0,312.16601976799996
366,CHEMBL4214778,FC(F)(F)c1ccc2c(c1)nc1n2C[C@@]2(CN3CCC2CC3)O1,,6.180456064,0,323.124546792
367,CHEMBL379302,O=C(N[C@H]1CN2CCC1CC2)c1ccc2ccoc2c1,,6.181216619,0,270.136827816
368,62705129,CN1C(=N)N(C)/C(=C/c2c[nH]c3cccc(Br)c23)C1=O,,6.1831,0,332.027273136
369,71455625,CCCN1CCC(COc2nc3c(F)cccc3c3ncccc23)CC1,,6.19314,0,353.190340608
370,CHEMBL3217984,CN1CCC2C(C1)c1cccc3c1N2c1ccccc1CS3,,6.2,0,308.13471963999996
371,9930121,O=C(N[C@H]1CN2CCC1CC2)c1cc2ccoc2cn1,,6.20066,0,271.132076784
372,CHEMBL4077622,Clc1cnc(NC2=NCC3(CN4CCC3CC4)N2)nc1,,6.207608311,0,292.120322224
373,CHEMBL1382868,c1ccc2c(CSc3[nH]cnc4ncnc3-4)cccc2c1,,6.207608311,0,292.078267384
374,CHEMBL2058426,C/N=C1\\N(C)C(=O)/C(=C\\c2c[nH]c3cccc(Br)c23)N1C,,6.23,0,346.0429232
375,CHEMBL378471,O=C(N[C@H]1CN2CCC1CC2)c1ccc2occc2c1,,6.237714671,0,270.136827816
376,CHEMBL597843,c1cnc2nc(N3CCN4CCC3CC4)oc2c1,,6.24,0,244.132411132
377,CHEMBL471712,CN1CCN(c2nc(O)c3cc(Cl)ccc3n2)CC1,,6.24,0,278.09343878
378,10286136,Clc1cnc2nc(N3CCN4CCC3CC4)oc2c1,,6.240649759,0,278.09343878
379,11680667,Cc1nc2nc(N3CCN4CCC3CC4)oc2cc1F,,6.26201,0,276.13863938400004
380,CHEMBL2169968,CN1CCN(c2ccc3ccccc3c2)CC1,,6.27,0,226.146998576
381,5202,NCCc1c[nH]c2ccc(O)cc12,,6.289207082,0,176.094963004
382,CHEMBL3235482,O=S1(=O)c2ccc(F)cc2-c2ccc(N3CCN4CCC3CC4)cc21,,6.3,0,358.11512706800005
383,CHEMBL3104093,CN1CCc2c(c3cccc4c3n2CCc2ccccc2-4)C1,,6.3,0,288.16264864
384,53237430,Cc1ccc(Sc2ccc(Cl)cc2)c(N2CCNCC2)c1,,6.30103,0,318.09574728800004
385,,Nc1nc(SCc2cccc3ccccc23)c2[nH]cnc2n1,,6.30980392,0,307.08916641600007
386,CHEMBL3918431,c1ccc2cc(NC3=NC[C@@]4(CN5CCC4CC5)O3)ncc2c1,,6.318758763,0,308.16371126
387,CHEMBL3951064,c1ccc2sc(NC3=NC[C@@]4(CN5CC[C@@H]4C5)O3)nc2c1,,6.318758763,0,300.104482132
388,CHEMBL2169975,CNc1nc(N2CC(N(C)C)C2)nc2ccc(Cl)cc12,,6.33,0,291.125073256
389,CHEMBL2205047,CC(C)(C)c1ccc(Sc2ccccc2N2CCNCC2)cc1,,6.35,0,326.18166983199995
390,CHEMBL4064914,c1cc(NC2=NCC3(CN4CCC3CC4)O2)ncn1,,6.356547324,0,259.143310164
391,CHEMBL2205039,Cc1ccc(Sc2ccc(F)cc2)c(N2CCNCC2)c1,,6.36,0,302.125297828
392,CHEMBL2169967,CN1CCN(c2cnc3ccccc3c2)CC1,,6.39,0,227.14224754399999
393,CHEMBL2181166,Fc1cccc2c1nc(OCC1CCN(CCCc3ccc(I)cc3)CC1)c1cccnc12,,6.39,0,555.118288704
394,44592241,N#Cc1ccc2ccc(OCC3CCNCC3)cc2c1,,6.39362,0,266.141913196
395,CHEMBL585925,COc1cc(N)c(Cl)cc1C(=O)N[C@H]1CCN(C[C@H]2CCCC[C@]2(O)c2cccc(O)c2)C[C@H]1OC,,6.409290262,0,517.234348932
396,CHEMBL598803,CN1[C@H]2CCC[C@H]1CC(NC(=O)c1nn(C)c3cccc(OCc4ccccc4)c13)C2,,6.43,0,418.2368762
397,CHEMBL4077222,Clc1cnc(NC2=NC[C@@]3(CN4CCC3CC4)O2)cn1,,6.455931956,0,293.104337812
398,CHEMBL403858,O=C(N[C@@H]1C[C@H]2CCN(C2)C1)c1cc2ccoc2cn1,,6.46,0,271.132076784
399,CHEMBL128,CNS(=O)(=O)Cc1ccc2[nH]cc(CCN(C)C)c2c1,,6.478484018,0,295.135447912
400,CHEMBL571475,Fc1ccc2c(c1)nc(N1CCN(CCc3c[nH]cn3)CC1)c1cccn12,,6.48,0,364.18117289200006
401,CHEMBL2169974,CN1CCN(c2ccc3cccc(N)c3n2)CC1,,6.48,0,242.15314657599998
402,CHEMBL3905979,Fc1ccc2c(NC3=NC[C@@]4(CN5CCC4CC5)O3)ncnn12,,6.494850022,0,316.1447873840001
403,CHEMBL3084582,COc1ccc2nc(O)n(C(=O)N[C@H]3C[C@@H]4CC[C@H](C3)N4C)c2c1,,6.5,0,330.169190564
404,CHEMBL453996,c1ccc2cc(OCC3CCNCC3)ccc2c1,,6.51,0,241.146664228
405,CHEMBL2205036,Cc1ccc(Sc2ccccc2)c(N2CCNCC2)c1,,6.51,0,284.13471963999996
406,46233594,CN1[C@H]2CCC[C@H]1CC(NC(=O)c1nn(C)c3cc(O)ccc13)C2,,6.5544,0,328.189926008
407,44419820,COC(=O)c1c(-c2ccc(F)cc2)c(-c2ccncc2)c(N2CCNCC2)n1C,,6.560668204,0,394.18050419600013
408,CHEMBL2205035,Cc1ccc(Oc2ccccc2N2CCNCC2)c(C)c1,,6.57,0,282.17321332399996
409,CHEMBL2205040,Cc1ccc(Sc2ccc(C)cc2N2CCNCC2)cc1,,6.59,0,298.15036970399996
410,CHEMBL260565,CN1CCN(c2ccc3cc(Cl)ccc3n2)CC1,,6.6,0,261.103275192
411,CHEMBL472219,C[C@@]12CCCN1CC[C@H]2CNC(=O)c1cc(Cl)cc2nc[nH]c12,,6.6,0,332.1403889720001
412,CHEMBL1277561,NN1C(=O)C2CCCCC2=NC1=C1CCC(N2CCN(c3ccc4ccccc4n3)CC2)CC1,,6.6,0,458.279409708
413,CHEMBL3969845,c1cn2nc(NC3=NC[C@@]4(CN5CCC4CC5)O3)ccc2n1,,6.602059991,0,298.154209196
414,CHEMBL466446,CS(=O)(O)=NC(=O)CN1CCN(c2nc3cc(F)ccc3n3cccc23)CC1,,6.61,0,405.12708872
415,CHEMBL68281,C=CCn1c(N2CCNCC2)nc2ccccc21,,6.619859172,0,242.15314657599998
416,CHEMBL466662,N[C@H](C=O)C(O)N1CCN(c2nc3cc(F)ccc3n3cccc23)CC1,,6.63,0,357.1601031
417,CHEMBL596758,COc1ccc2c(C(=O)NC3C[C@@H]4CCC[C@@H](C3)N4C)nn(C)c2c1,,6.63,0,342.20557607200004
418,CHEMBL3973872,c1ccc(NC2=NCC3(CN4CCC3CC4)O2)cc1,,6.638272164,0,257.152812228
419,CHEMBL3235480,O=S1(=O)c2cc(N3CCN4CCC3CC4)ccc2-c2cccc(F)c21,,6.64,0,358.11512706800005
420,CHEMBL2169972,CN1CCN(c2cc3ccccc3c(N)n2)CC1,,6.66,0,242.15314657599998
421,CHEMBL3084444,CN1[C@H]2CCC[C@@H]1C[C@H](NC(=O)c1nn(C)c3c(OCCOCCOCCNC(=S)Nc4ccc(-c5c6ccc(=O)cc-6oc6cc(O)ccc56)c(C(=O)O)c4)cccc13)C2,,6.68,0,848.3203481160002
422,76309736,CN1[C@H]2CCC[C@@H]1CC(NC(=O)c1nn(C)c3c(OCCOCCOCCNC(=S)Nc4ccc(-c5c6ccc(=O)cc-6oc6cc(O)ccc56)c(C(=O)O)c4)cccc13)C2,,6.68194,0,848.3203481160002
423,CHEMBL2169973,CN1CCN(c2ccc3c(N)cccc3n2)CC1,,6.69,0,242.15314657599998
424,CHEMBL3084431,CCN(CC)c1ccc2cc(C(=O)NCCCn3nc(C(=O)N[C@H]4C[C@@H]5CCC[C@H](C4)N5C)c4ccccc43)c(=O)oc2c1,,6.7,0,598.3267538240001
425,76320660,CCN(CC)c1ccc2cc(C(=O)NCCCn3nc(C(=O)NC4C[C@@H]5CCC[C@H](C4)N5C)c4ccccc43)c(=O)oc2c1,,6.70115,0,598.3267538240001
426,CHEMBL4098850,c1cnc2cnc(NC3=NC[C@@]4(CN5CCC4CC5)O3)cc2c1,,6.721246399,0,309.158960228
427,53237429,COc1ccc(Sc2ccc(C)cc2N2CCNCC2)cc1,,6.72125,0,314.145284324
428,CHEMBL378349,O=C(N[C@H]1CN2CCC1CC2)c1ccc2ccsc2c1,,6.7372281,0,286.113984196
429,CHEMBL4102804,c1cnc(NC2=NC[C@@]3(CN4CCC3CC4)O2)cn1,,6.744727495,0,259.143310164
430,CHEMBL3909099,c1cc2c(NC3=NC[C@@]4(CN5CC[C@@H]4C5)O3)ncnn2c1,,6.744727495,0,284.138559132
431,CHEMBL3261486,O=C1c2cccc3[nH]c(=O)n(c23)CCN1[C@@H]1CN2CCC1CC2,,6.749579998,0,312.15862588
432,CHEMBL2011595,Cc1c(N2CCN(C)CC2)nc2ccccc2c1C(=O)NCCCCCCNC(=O)OC(C)(C)C,,6.75,0,483.320940172
433,CHEMBL1548,NC1=Nc2ccc(Cl)c(Cl)c2CN1,,6.76,0,215.001702584
434,9904281,NC1=NCc2c(ccc(Cl)c2Cl)N1,,6.76447,0,215.001702584
435,CHEMBL4087500,c1cnc(NC2=NCC3(CN4CCC3CC4)O2)cn1,,6.769551079,0,259.143310164
436,CHEMBL3900048,Clc1ccc2c(NC3=NC4(CO3)CN3CCC4CC3)ncnn12,,6.769551079,0,332.1152368440001
437,CHEMBL490073,CC(C)Nc1nc(N2CCN(C)CC2)nc2ccc(Cl)cc12,,6.78,0,319.156373384
438,52943305,O=C(N[C@@H]1CN2CCC1CC2)c1cccc2oc(N3CCOCC3)nc12,,6.78252,0,356.18484062799996
439,11230291,c1cc2nc(N3CCN4CCC3CC4)oc2cn1,,6.79048,0,244.132411132
440,CHEMBL3084442,CCN(CC)c1ccc2cc(C(=O)NCCCOc3cccc4c(C(=O)N[C@@H]5C[C@@H]6CCC[C@H](C5)N6C)nn(C)c34)c(=O)oc2c1,,6.8,0,628.3373185080001
441,CHEMBL2204364,Cc1ccc(Sc2cccc(C)c2N2CCNCC2)c(C)c1,,6.8,0,312.16601976799996
442,CHEMBL68131,CCCCN1CCC(COC(=O)c2cc(Cl)c(N)c3c2OCCO3)CC1,,6.8,0,382.16593502399996
443,76316934,CCN(CC)c1ccc2cc(C(=O)NCCCOc3cccc4c(C(=O)NC5C[C@@H]6CCC[C@H](C5)N6C)nn(C)c34)c(=O)oc2c1,,6.8041,0,628.3373185080001
444,70687363,Cc1c(N2CCN(C)CC2)nc2ccccc2c1C(=O)NCCOCCOCCOCCOCCOCCOCCOCCOCCOCCNC(=O)NCC(=O)O,,6.81248,0,824.453136108
445,CHEMBL34291,COc1cc(N)c(Cl)cc1C(=O)NC[C@@H]1CCN2CCC[C@@H]12,,6.82,0,323.140054624
446,CHEMBL4228983,O=C(N[C@H]1CN2CCC1CC2)c1ccc2ncccc2c1,,6.823908741,0,281.152812228
447,CHEMBL4061082,Cc1cnc(NC2=NC[C@@]3(CN4CCC3CC4)O2)nc1,,6.823908741,0,273.158960228
448,CHEMBL4075880,Cc1cc(NC2=NC[C@@]3(CN4CCC3CC4)O2)ncn1,,6.823908741,0,273.158960228
449,53238128,Cc1ccc(Sc2ccc(C)cc2N2CCNCC2)c(C)c1,,6.82391,0,312.16601976799996
450,11173546,CN1CC2CN(c3ccc(-c4ccccc4)nn3)CC2C1,,6.82391,0,280.16879664
451,76313417,CCN(CC)c1ccc2cc(C(=O)NCCOCCOCCn3nc(C(=O)NC4C[C@@H]5CCC[C@H](C4)N5C)c4ccccc43)c(=O)oc2c1,,6.84771,0,672.3635332560002
452,CHEMBL3084436,CCN(CC)c1ccc2cc(C(=O)NCCOCCOCCn3nc(C(=O)N[C@H]4C[C@@H]5CCC[C@H](C4)N5C)c4ccccc43)c(=O)oc2c1,,6.85,0,672.3635332560002
453,44623401,Cc1c(N2CCN(C)CC2)nc2ccccc2c1C(=O)NCCOCCOCCNC(=O)NCC(=O)O,,6.85078,0,516.269632872
454,46179722,COc1ccc2oc(N3CCN4CCC3CC4)nc2n1,,6.85078,0,274.142975816
455,53237661,FC(F)(F)c1ccc(Sc2ccccc2N2CCNCC2)cc1,,6.85387,0,338.10645420400004
456,CHEMBL2011598,Cc1c(N2CCN(C)CC2)nc2ccccc2c1C(=O)NCCOCCOCCNC(=O)OC(C)(C)C,,6.88,0,515.3107694119999
457,CHEMBL2205033,Cc1ccc(Sc2ccccc2N2CCN(C)CC2)c(C)c1,,6.89,0,312.16601976799996
458,CHEMBL287045,CCN(CC)CCOC(=O)c1cc(Cl)c(N)cc1OC,,6.9,0,300.124070212
459,CHEMBL466655,Oc1nnc(CN2CCN(c3nc4cc(F)ccc4n4cccc34)CC2)o1,,6.9,0,368.139702004
460,CHEMBL2011597,Cc1c(N2CCN(C)CC2)nc2ccccc2c1C(=O)NCCCCCCCCNC(=O)OC(C)(C)C,,6.9,0,511.3522403
461,CHEMBL597681,Cc1ccc2nc(N3CCN4CCC3CC4)oc2n1,,6.9,0,258.148061196
462,CHEMBL4089244,COc1cnc(NC2=NC[C@@]3(CN4CCC3CC4)O2)nc1,,6.920818754,0,289.15387484800004
463,CHEMBL3261485,COc1cc2c3c(cnn3CCN([C@@H]3CN4CCC3CC4)C2=O)c1,,6.936386665,0,326.174275944
464,CHEMBL2205053,Clc1ccc(Sc2ccccc2N2CCNCC2)cc1Cl,,6.96,0,338.041124872
465,49843532,O=C1c2cccc3cnn(c23)CCN1[C@@H]1CN2CCC1CC2,,6.973304998,0,296.16371126
466,70683126,Cc1c(N2CCN(C)CC2)nc2ccccc2c1C(=O)NCCOCCOCCOCCOCCOCCOCCOCCNC(=O)NCC(=O)O,,6.97469,0,736.4007066119999
467,66898814,O=C1c2cc(F)cc3cnn(c23)CCN1[C@@H]1CN2CCC1CC2,,6.990356665,0,314.15428944800004
468,CHEMBL1277005,Cc1sc2nc(SCCCN3CCN(c4nc5ccccc5nc4-c4ccccc4)CC3)n(N)c(=O)c2c1C,<,7,0,557.203150612
469,CHEMBL1276919,Cc1sc2nc(SCCCN3CCN(c4ccc5c(n4)CCCC5)CC3)n(N)c(=O)c2c1C,<,7,0,484.207901644
470,CHEMBL1278174,Cc1sc2nc(SCCCN3CCN(c4ccccn4)CC3)n(N)c(=O)c2c1C,<,7,0,430.160951452
471,CHEMBL4097654,Clc1cc(NC2=NC[C@@]3(CN4CCC3CC4)O2)ncn1,,7,0,293.104337812
472,CHEMBL1277833,Nn1c(CCCCN2CCN(c3ccc4ccccc4n3)CC2)nc2ccc(Cl)cc2c1=O,<,7,0,462.19348716400003
473,CHEMBL1277465,Nn1c(CCCN2CCN(c3ccc4ccccc4n3)CC2)nc2c(c1=O)CCCC2,<,7,0,418.24810957999995
474,CHEMBL1277913,Nn1c(CCCCN2CCN(c3ccc4ccccc4n3)CC2)nc2cc(Cl)ccc2c1=O,<,7,0,462.19348716400003
475,CHEMBL1277832,Nn1c(CCCCN2CCN(c3ccc4ccccc4n3)CC2)nc2cccc(Cl)c2c1=O,<,7,0,462.19348716400003
476,CHEMBL1277464,Nn1c(CCN2CCN(c3ccc4ccccc4n3)CC2)nc2c(c1=O)CCCC2,<,7,0,404.23245951599995
477,CHEMBL1277188,Nn1c(CCCCN2CCN(c3nc4ccccc4c4c3CCC4)CC2)nc2c(c1=O)CCCC2,<,7,0,472.29505977199995
478,CHEMBL1277186,Cc1sc2nc(SCCCN3CCN(c4ccc5ccccc5n4)CC3)[nH]c(=O)c2c1C,<,7,0,465.165702484
479,CHEMBL1277371,Nn1c(SCCCN2CCN(c3ccc4ccccc4n3)CC2)nc2cc([N+](=O)[O-])ccc2c1=O,<,7,0,491.17395866000004
480,CHEMBL1277995,Cc1cccc2nc(CCCCN3CCN(c4ccc5ccccc5n4)CC3)n(N)c(=O)c12,<,7,0,442.24810958000006
481,CHEMBL1277189,Nn1c(CCCCN2CCN(c3nc4ccccc4c4c3CCCC4)CC2)nc2c(c1=O)CCCC2,<,7,0,486.31070983599994
482,CHEMBL1277463,Nn1c(SCCCN2CCN(c3ccc4ccccc4n3)CC2)nc2sc3c(c2c1=O)CCNC3,,7,0,507.1875005480001
483,CHEMBL1277283,Nn1c(CCCCN2CCN(c3ccc4cc(O)ccc4n3)CC2)nc2c(c1=O)CCCC2,<,7,0,448.25867426400004
484,CHEMBL1277100,Cc1cc2ccccc2nc1N1CCN(CCCCc2nc3c(c(=O)n2N)CCCC3)CC1,<,7,0,446.279409708
485,CHEMBL1277560,Nn1c(CCCCCN2CCN(c3ccc4ccccc4n3)CC2)nc2c(c1=O)CCCC2,<,7,0,446.279409708
486,CHEMBL1277101,Cc1c(N2CCN(CCCCc3nc4c(c(=O)n3N)CCCC4)CC2)nc2ccccc2c1C,<,7,0,460.295059772
487,CHEMBL1277746,Nn1c(CCCCN2CCN(c3ccc4ccccc4n3)CC2)nc2cc(F)ccc2c1=O,<,7,0,446.22303770400003
488,CHEMBL1277098,Cc1sc2nc(SCCCN3CCN(c4nc5ccccc5c5ccccc45)CC3)n(N)c(=O)c2c1C,<,7,0,530.1922515800001
489,11305391,Nn1c(CCCCN2CCN(c3ccc4ccccc4n3)CC2)nc2ccc(F)cc2c1=O,,7.00261241,1,446.22303770400003
490,CHEMBL1278176,CC1CCc2c(nc(CCCCN3CCN(c4ccc5ccccc5n4)CC3)n(N)c2=O)C1,,7.009217308,1,446.27940970800006
491,CHEMBL1278176,CC1CCC2C(=O)N(N)C(=CCCCN3CCN(c4ccc5ccccc5n4)CC3)N=C2C1,,7.01,1,446.27940970800006
492,CHEMBL3084784,CN1[C@H]2CCC[C@@H]1C[C@@H](NC(=O)c1cccc3nc(-c4ccc(F)cc4)oc13)C2,,7.02,1,393.18525522799996
493,76316953,CN1[C@H]2CCC[C@@H]1CC(NC(=O)c1cccc3nc(-c4ccc(F)cc4)oc13)C2,,7.02273,1,393.18525522799996
494,CHEMBL2151572,O=C(N[C@H]1CN2CCC1CC2)c1cc2cccc(Cl)c2s1,,7.022885874,1,320.0750118440001
495,CHEMBL3084763,C[C@@H]1COCCN1c1nc2c(C(=O)N[C@H]3C[C@@H]4CCC[C@H](C3)N4C)cccc2o1,,7.03,1,398.23179081999996
496,76313437,C[C@@H]1COCCN1c1nc2c(C(=O)NC3C[C@@H]4CCC[C@H](C3)N4C)cccc2o1,,7.03339,1,398.23179081999996
497,CHEMBL605715,c1cnc2oc(N3CCN4CCC3CC4)nc2c1,,7.04,1,244.132411132
498,70691531,Cc1c(N2CCN(C)CC2)nc2ccccc2c1C(=O)NCCOCCOCCOCCOCCOCCOCCOCCNC(=O)OC(C)(C)C,,7.05061,1,735.4418431519999
499,CHEMBL1276920,Cc1sc2nc(SCCCN3CCN(c4nc5ccccc5s4)CC3)n(N)c(=O)c2c1C,,7.058330596,1,486.133022452
500,49836154,NN1C(=O)C2CCCCC2=NC1=CN1CCN(c2ccc3ccccc3n2)CC1,,7.06248,1,390.216809452
501,CHEMBL1277374,Nn1c(CN2CCN(c3ccc4ccccc4n3)CC2)nc2c(c1=O)CCCC2,,7.062482108,1,390.21680945199995
502,11709098,Cc1nc2nc(N3CCN4CCC3CC4)oc2cc1Cl,,7.06451964,1,292.109088844
503,CHEMBL2205052,COc1ccc(Sc2ccccc2N2CCNCC2)cc1OC,,7.07,1,330.14019894399996
504,CHEMBL3926969,c1ccc(-c2ccnc(NC3=NC[C@@]4(CN5CCC4CC5)O3)c2)cc1,,7.070581074,1,334.17936132399996
505,11328306,NN1C(=O)C2CCCCCC2=NC1=CCCCN1CCN(c2ccc3ccccc3n2)CC1,,7.0716,1,446.279409708
506,CHEMBL1276835,Nn1c(CCCCN2CCN(c3ccc4ccccc4n3)CC2)nc2c(c1=O)CCCCC2,,7.071604148,1,446.279409708
507,23155758,Nn1c(CCCCN2CCN(c3ccc4ccccc4n3)CC2)nc2c(Cl)cccc2c1=O,,7.080399317,1,462.19348716400003
508,71720442,CN(C)c1ccc2c(-c3ccc(C(=O)NCCCCCNC(=O)CCn4cc(CCN)c5cc(O)ccc54)cc3C(=O)O)c3ccc(=[N+](C)C)cc-3oc2c1,,7.08092,1,745.3708097080902
509,CHEMBL2204355,COc1cccc(Sc2ccccc2N2CCNCC2)c1OC,,7.1,1,330.14019894399996
510,CHEMBL490072,CN1CCN(c2nc(NCCc3ccccc3)c3cc(Cl)ccc3n2)CC1,,7.1,1,381.172023448
511,44157938,Cc1cccc2nc(N3CCN(C(CO)c4ccccc4)CC3)c3cccn3c12,,7.10237,1,386.210661452
512,49837354,CC(=O)N1CCc2c(sc3nc(SCCCN4CCN(c5ccc6ccccc6n5)CC4)n(N)c(=O)c23)C1,,7.110138852,1,549.1980652320001
513,2818,CN1CCN(C2=Nc3cc(Cl)ccc3Nc3ccccc32)CC1,,7.112425,1,326.129824288
514,CHEMBL3084759,CN1[C@H]2CCC[C@@H]1C[C@@H](NC(=O)c1cccc3nc(-c4ccc(Cl)cc4)oc13)C2,,7.13,1,409.15570468799996
515,76313435,CN1[C@H]2CCC[C@@H]1CC(NC(=O)c1cccc3nc(-c4ccc(Cl)cc4)oc13)C2,,7.13194,1,409.15570468799996
516,CHEMBL3084772,CN1[C@H]2CCC[C@@H]1C[C@@H](NC(=O)c1cccc3oc(N4CCNCC4)nc13)C2,,7.14,1,383.23212516800004
517,76309747,CN1[C@H]2CCC[C@@H]1CC(NC(=O)c1cccc3oc(N4CCNCC4)nc13)C2,,7.14146,1,383.23212516800004
518,CHEMBL2011589,Cc1c(N2CCN(C)CC2)nc2ccccc2c1C(=O)NCCCCCCNc1c2c(nc3ccccc13)CCCC2,,7.15,1,564.357660028
519,CHEMBL599012,COc1cccc2c(C(=O)NC3C[C@@H]4CCC[C@@H](C3)N4C)nn(C)c12,,7.15,1,342.20557607200004
520,CHEMBL2011600,Cc1c(N2CCN(C)CC2)nc2ccccc2c1C(=O)NCCOCCOCCOCCOCCOCCOCCOCCOCCOCCNC(=O)OC(C)(C)C,,7.15,1,823.494272648
521,CHEMBL1277280,Nn1c(SCCCN2CCN(c3ccc4ccccc4n3)CC2)nc2ccccc2c1=O,,7.157015216,1,446.18888045200003
522,70689424,Cc1c(N2CCN(C)CC2)nc2ccccc2c1C(=O)NCCCCCCCCNc1c2c(nc3ccccc13)CCCC2,,7.16115,1,592.388960156
523,69937258,O=C1c2cccc3ccn(c23)CCN1[C@H]1CN2CCC1CC2,,7.17005,1,295.168462292
524,53237896,Clc1cccc(Sc2ccccc2N2CCNCC2)c1Cl,,7.17393,1,338.041124872
525,70691518,Cc1c(N2CCN(C)CC2)nc2ccccc2c1C(=O)NCCCCCCCCNC(=O)c1c(C)c(N2CCN(C)CC2)nc2ccccc12,,7.17393,1,678.4369729680001
526,69937162,O=C1c2cc(Cl)cc3cnn(c23)CCN1[C@@H]1CN2CCC1CC2,,7.174891665,1,330.124738908
527,CHEMBL1272123,CC(C)N(C)c1nc2c(C(=O)N[C@@H]3CN4CCC3CC4)cccc2o1,,7.18,1,342.205576072
528,44157831,Fc1ccc2c(c1)nc(N1CCN(Cc3nn[nH]n3)CC1)c1cccn12,,7.18709,1,352.15602076400006
529,CHEMBL1277462,Nn1c(SCCCN2CCN(c3ccc4ccccc4n3)CC2)nc2ncccc2c1=O,,7.188949996,1,447.1841294200001
530,CHEMBL466456,Fc1ccc2c(c1)nc(N1CCN(Cc3nnn[nH]3)CC1)c1cccn12,,7.19,1,352.15602076400006
531,53237667,Cc1cccc(Sc2ccccc2N2CCNCC2)c1,,7.19382,1,284.13471963999996
532,53237435,c1ccc(Sc2ccccc2N2CCNCC2)cc1,,7.19382,1,270.119069576
533,CHEMBL1277281,Nn1c(SCCCN2CCN(c3ccc4ccccc4n3)CC2)nc2c(c1=O)CCCC2,,7.195179321,1,450.22018058000003
534,CHEMBL1277281,NN1C(=O)C2CCCC=C2N=C1SCCCN1CCN(c2ccc3ccccc3n2)CC1,,7.2,1,450.22018058000003
535,CHEMBL1276834,Nn1c(CCCCN2CCN(c3ccc4ccccc4n3)CC2)nc2c(c1=O)CCC2,,7.2069084,1,418.24810958
536,CHEMBL4204677,Brc1nc2n(c1Br)CC1(CN3CCC1CC3)O2,,7.207608311,1,360.942536236
537,CHEMBL1276834,NN1C(=O)C2CCCC2=NC1=CCCCN1CCN(c2ccc3ccccc3n2)CC1,,7.21,1,418.24810958
538,CHEMBL2205048,COc1cccc(Sc2ccccc2N2CCNCC2)c1,,7.21,1,300.12963426
539,23155951,Nn1c(SCCCN2CCN(c3ccc4ccccc4n3)CC2)nc2cccnc2c1=O,,7.21467011,1,447.1841294200001
540,9976826,COc1ccccc1-c1cccc2cc(C(=O)N[C@H]3CN4CCC3CC4)oc12,,7.22185,1,376.17869262799996
541,76335155,C[C@@H]1CNC[C@@H](C)N1c1nc2c(C(=O)NC3C[C@@H]4CCC[C@H](C3)N4C)cccc2o1,,7.22621,1,411.26342529600004
542,CHEMBL1277007,Cc1cc(N2CCN(CCCCc3nc4c(c(=O)n3N)CCCC4)CC2)nc2ccccc12,,7.228412519,1,446.279409708
543,CHEMBL1277007,Cc1cc(N2CCN(CCCC=C3N=C4CCCCC4C(=O)N3N)CC2)nc2ccccc12,,7.23,1,446.27940970800006
544,CHEMBL597984,Cn1nc(C(=O)NC2C[C@@H]3CCC[C@@H](C2)N3Cc2ccccc2)c2ccccc21,,7.23,1,388.226311516
545,CHEMBL3084775,C[C@@H]1CNC[C@@H](C)N1c1nc2c(C(=O)N[C@H]3C[C@@H]4CCC[C@H](C3)N4C)cccc2o1,,7.23,1,411.26342529600004
546,CHEMBL3084760,COc1ccc(-c2nc3cccc(C(=O)N[C@H]4C[C@@H]5CCC[C@H](C4)N5C)c3o2)cc1,,7.23,1,405.205241724
547,76313436,COc1ccc(-c2nc3cccc(C(=O)NC4C[C@@H]5CCC[C@H](C4)N5C)c3o2)cc1,,7.23284,1,405.205241724
548,21864917,Cc1ccc(Sc2ccccc2N2CCNCC2)cc1,,7.25181,1,284.13471963999996
549,CHEMBL1277373,Nn1c(CCCCN2CCN(c3ccc4ccc(O)cc4n3)CC2)nc2c(c1=O)CCCC2,,7.258060922,1,448.25867426400004
550,CHEMBL1277373,NN1C(=O)C2CCCCC2=NC1=CCCCN1CCN(c2ccc3ccc(O)cc3n2)CC1,,7.26,1,448.258674264
551,CHEMBL3937435,c1cc2occc2c(NC2=NC[C@@]3(CN4CCC3CC4)O2)n1,,7.26760624,1,298.142975816
552,CHEMBL116913,Nc1cc2c(cc1Cl)C(=O)NC1CCN(CCOCCO2)CC1,,7.27,1,339.134969244
553,CHEMBL1277282,Nn1c(CCCCN2CCN(c3nc4ccccc4cc3O)CC2)nc2c(c1=O)CCCC2,,7.279014256,1,448.2586742639999
554,CHEMBL2205044,Fc1ccc(Sc2ccccc2N2CCNCC2)cc1,,7.28,1,288.109647764
555,CHEMBL1277282,NN1C(=O)C2CCCCC2=NC1=CCCCN1CCN(c2nc3ccccc3cc2O)CC1,,7.28,1,448.258674264
556,53237669,COc1ccccc1Sc1ccccc1N1CCNCC1,,7.284,1,300.12963426
557,CHEMBL4085299,COc1ccc2sc(NC3=NCC4(CN5CCC4CC5)N3)nc2c1,,7.292429824,1,343.14668129200004
558,CHEMBL1277652,Nn1c(CCCCN2CCN(c3ccc4ccccc4n3)CC2)nc2cccc(F)c2c1=O,,7.297232989,1,446.22303770400003
559,CHEMBL1276833,Cc1sc2nc(SCCCN3CCN(c4cc(C)c5ccccc5n4)CC3)n(N)c(=O)c2c1C,,7.297805748,1,494.19225158
560,CHEMBL3928422,c1nc(NC2=NC[C@@]3(CN4CCC3CC4)O2)c2sccc2n1,,7.301029996,1,315.11538116400004
561,17982621,O=C(NC1CN2CCC1CC2)c1cc2ccccc2s1,,7.30277,1,286.113984196
562,CHEMBL1278175,CC1CCc2nc(CCCCN3CCN(c4ccc5ccccc5n4)CC3)n(N)c(=O)c2C1,,7.316052869,1,446.27940970800006
563,CHEMBL1276832,Cc1sc2nc(SCCCN3CCN(c4ccc5ccccc5n4)CC3)n(N)c(=O)c2c1C,,7.316769759,1,480.176601516
564,CHEMBL1278175,CC1CCC2=NC(=CCCCN3CCN(c4ccc5ccccc5n4)CC3)N(N)C(=O)C2C1,,7.32,1,446.27940970800006
565,CHEMBL1272016,COc1ccccc1-c1nc2c(C(=O)N[C@@H]3CN4CCC3CC4)cccc2o1,,7.33,1,377.17394159599996
566,CHEMBL2169964,CN1CCN(c2nc(O)c3ccccc3n2)CC1,,7.33,1,244.132411132
567,CHEMBL1276921,Nn1c(CCCCN2CCN(c3ccc4ccccc4n3)CC2)nc2c(c1=O)CC(O)CC2,,7.332547047,1,448.258674264
568,11339853,NN1C(=O)C2CC(O)CCC2=NC1=CCCCN1CCN(c2ccc3ccccc3n2)CC1,,7.33255,1,448.25867426400004
569,CHEMBL3261479,O=C1c2cccc3ccn(c23)CCN1[C@@H]1CN2CCC1CC2,,7.336386665,1,295.168462292
570,11464531,Nn1c(CCCCN2CCN(c3ccc4ccccc4n3)CC2)nc2ccccc2c1=O,,7.340082533,1,428.232459516
571,11374124,Cc1ccc2nc(CCCCN3CCN(c4ccc5ccccc5n4)CC3)n(N)c(=O)c2c1,,7.341036772,1,442.24810958000006
572,CHEMBL2205031,Cc1ccc(Sc2cc(C)ccc2N2CCNCC2)c(C)c1,,7.35,1,312.16601976799996
573,CHEMBL570103,NNC(=O)CN1CCN(c2nc3cc(F)ccc3n3cccc23)CC1,,7.35,1,342.160437448
574,CHEMBL1277187,O=c1[nH]c(SCCCN2CCN(c3ccc4ccccc4n3)CC2)nc2sc3c(c12)CCCC3,,7.354577731,1,491.18135254800006
575,23155976,Oc1nc(SCCCN2CCN(c3ccc4ccccc4n3)CC2)nc2sc3c(c12)CCCC3,,7.35458,1,491.18135254800006
576,CHEMBL494999,Cc1cccc2nc(N3CCN(C(C(=O)O)c4ccccc4)CC3)c3cccn3c12,,7.36,1,400.189926008
577,CHEMBL4209536,Brc1nc2n(c1Br)C[C@@]1(CN3CCC1CC3)O2,,7.366531544,1,360.942536236
578,CHEMBL4060728,CN1C(Nc2nc3ccccc3s2)=NCC12CN1CCC2CC1,,7.366531544,1,327.151766672
579,CHEMBL289469,CN1C2CCCC1CC(NC(=O)c1nn(C)c3ccccc13)C2,,7.377513886,1,312.195011388
580,11752512,Nn1c(SCCCN2CCN(c3ccc4ccccc4n3)CC2)nc2sc3c(c2c1=O)CCCC3,,7.382999773,1,506.19225158000006
581,CHEMBL3084783,CN1[C@H]2CCC[C@@H]1C[C@@H](NC(=O)c1cccc3nc(-c4ccccc4)oc13)C2,,7.39,1,375.19467704
582,76313441,CN1[C@H]2CCC[C@@H]1CC(NC(=O)c1cccc3nc(-c4ccccc4)oc13)C2,,7.39362,1,375.19467704
583,76320680,CN1[C@H]2CCC[C@@H]1CC(NC(=O)c1cccc3oc(N4CCOCC4)nc13)C2,,7.39794,1,384.21614075599996
584,CHEMBL3084761,CN1[C@H]2CCC[C@@H]1C[C@@H](NC(=O)c1cccc3oc(N4CCOCC4)nc13)C2,,7.4,1,384.21614075599996
585,CHEMBL4063687,Clc1cccc2sc(NC3=NCC4(CN5CCC4CC5)N3)nc12,,7.420216403,1,347.09714425600004
586,76320683,C[C@H]1CNC[C@@H](C)N1c1nc2c(C(=O)NC3C[C@@H]4CCC[C@H](C3)N4C)cccc2o1,,7.42829,1,411.26342529600004
587,CHEMBL3084774,C[C@H]1CNC[C@@H](C)N1c1nc2c(C(=O)N[C@H]3C[C@@H]4CCC[C@H](C3)N4C)cccc2o1,,7.43,1,411.26342529600004
588,CHEMBL1272121,CCNc1nc2c(C(=O)N[C@@H]3CN4CCC3CC4)cccc2o1,,7.44,1,314.174275944
589,CHEMBL1272177,CNc1nc2c(C(=O)N[C@@H]3CN4CCC3CC4)cccc2o1,,7.44,1,300.15862588
590,53237436,COc1ccc(Sc2ccccc2N2CCNCC2)cc1,,7.4437,1,300.12963426
591,53237438,Clc1ccc(Sc2ccccc2N2CCNCC2)cc1,,7.4437,1,304.08009722400004
592,CHEMBL3084771,C[C@H]1CN(c2nc3c(C(=O)N[C@H]4C[C@@H]5CCC[C@H](C4)N5C)cccc3o2)C[C@@H](C)O1,,7.45,1,412.24744088399996
593,76309746,C[C@H]1CN(c2nc3c(C(=O)NC4C[C@@H]5CCC[C@H](C4)N5C)cccc3o2)C[C@@H](C)O1,,7.45223,1,412.24744088399996
594,CHEMBL3957600,c1cc2c(NC3=NC[C@@]4(CN5CCC4CC5)O3)ncnn2c1,,7.455931956,1,298.154209196
595,CHEMBL3923346,c1ccc2sc(NC3=NCC4(CN5CCC4C5)O3)nc2c1,,7.455931956,1,300.104482132
596,CHEMBL3920500,O=C(NC1CC2COCC(C1)N2)c1cn(CC(F)(F)F)c2ncc(F)cc12,,7.466863712,1,386.136588696
597,CHEMBL364005,Cc1[nH]c2ccc(Cl)cc2c1C1=CCNCC1,,7.469014055,1,246.09237616
598,53237892,Cc1ccc(Sc2ccccc2N2CCNCC2)cc1C,,7.48149,1,298.15036970399996
599,CHEMBL1272072,O=C(N[C@@H]1CN2CCC1CC2)c1cccc2oc(C3CC3)nc12,,7.49,1,311.16337691200005
600,CHEMBL3084706,O=C(O[C@@H]1C[C@@H]2CC[C@H](C1)N2)c1cc2ccccc2[nH]1,,7.49,1,270.136827816
601,53237671,Cc1ccccc1Sc1ccccc1N1CCNCC1,,7.49485,1,284.13471963999996
602,53237900,COc1ccc(Sc2ccccc2N2CCNCC2)c(OC)c1,,7.49485,1,330.14019894399996
603,76313432,O=C(OC1C[C@@H]2CC[C@H](C1)N2)c1cc2ccccc2[nH]1,,7.49485,1,270.136827816
604,CHEMBL576282,Fc1ccc2c(c1)nc(N1CCN(CC3=NCCN3)CC1)c1cccn12,,7.52,1,352.181172892
605,CHEMBL4083246,Cc1cncc(NC2=NC[C@@]3(CN4CCC3CC4)O2)n1,,7.537602002,1,273.158960228
606,CHEMBL2204357,Cc1cccc(Sc2ccccc2N2CCNCC2)c1C,,7.54,1,298.15036970399996
607,70687357,Cc1c(N2CCN(C)CC2)nc2ccccc2c1C(=O)NCCCCCCNC(=O)c1c(C)c(N2CCN(C)CC2)nc2ccccc12,,7.55284,1,650.4056728400001
608,66860907,Cc1ccc(Sc2ccccc2N2CCNCC2)c(C)c1,,7.562288153,1,298.15036970399996
609,CHEMBL4100355,c1cnc(NC2=NC[C@@]3(CN4CCC3CC4)O2)nc1,,7.568636236,1,259.143310164
610,CHEMBL2011587,Cc1c(N2CCN(C)CC2)nc2ccccc2c1C(=O)NCCOCCOCCOCCOCCOCCOCCOCCNC(=O)c1c(C)c(N2CCN(C)CC2)nc2ccccc12,,7.57,1,902.5265758199998
611,CHEMBL2205034,Cc1ccc(Sc2ccccc2N2CCCNCC2)c(C)c1,,7.57,1,312.16601976799996
612,11213399,Cc1sc2nc(CCCCN3CCN(c4ccc5ccccc5n4)CC3)n(N)c(=O)c2c1C,,7.573489159,1,462.22018058000003
613,CHEMBL470432,CCCN1CCC(COc2nc3scc(C)c3n3cccc23)CC1,,7.578165315,1,343.17183342
614,46233560,COc1cccc2c1c(C(=O)NC1C[C@@H]3CCC[C@@H](C1)N3C)nn2C,,7.58004,1,342.20557607200004
615,CHEMBL4080813,c1ccc2sc(NC3=NCC4(CN5CCC4CC5)N3)nc2c1,,7.585026652,1,313.136116608
616,CHEMBL4104136,c1ccc2oc(NC3=NCC4(CN5CCC4CC5)N3)nc2c1,,7.585026652,1,297.158960228
617,CHEMBL2011591,Cc1c(N2CCN(C)CC2)nc2ccccc2c1C(=O)NCCCCCCCNC(=O)NCC(=O)O,,7.59,1,498.295453696
618,CHEMBL2204359,Clc1ccc(Sc2ccccc2N2CCNCC2)c(Cl)c1,,7.59,1,338.041124872
619,CHEMBL3084712,Cn1c(C(=O)O[C@@H]2C[C@@H]3CC[C@H](C2)N3)cc2ccccc21,,7.6,1,284.15247788
620,CHEMBL3233680,CN1[C@H]2CC[C@H]1CC(NC(=O)c1nn(C)c3ccccc13)C2,,7.6,1,298.179361324
621,CHEMBL3902912,c1csc(NC2=NCC3(CN4CCC3CC4)O2)n1,,7.602059991,1,264.104482132
622,CHEMBL4084852,Cc1ccnc(NC2=NC[C@@]3(CN4CCC3CC4)O2)n1,,7.602059991,1,273.158960228
623,76313433,Cn1c(C(=O)OC2C[C@@H]3CC[C@H](C2)N3)cc2ccccc21,,7.60206,1,284.15247788
624,CHEMBL1277006,O=c1[nH]c(CCCCN2CCN(c3ccc4ccccc4n3)CC2)nc2c1CCCC2,,7.609064893,1,417.25286061200006
625,CHEMBL1277006,Oc1nc(CCCCN2CCN(c3ccc4ccccc4n3)CC2)nc2c1CCCC2,,7.61,1,417.25286061200006
626,CHEMBL3930754,O=C(NC1CC2COCC(C1)N2)c1cn(CC(F)F)c2ncc(F)cc12,,7.617982957,1,368.146010508
627,CHEMBL53929,NCC(O)c1ccc(O)cc1,,7.619788758,1,153.078978592
628,53321868,O=C1c2cccc3c2c(nn3-c2ccc(F)cc2)CN1[C@H]1CN2CCC1CC2,,7.63078,1,376.16993951200004
629,56946195,Oc1cc(-c2ccc(OCCCN3CCCCC3)cc2)cnn1,,7.637045,1,313.1790269760001
630,CHEMBL4071859,c1ccc2nc(NC3=NC[C@@]4(CN5CCC4CC5)O3)ncc2c1,,7.638272164,1,309.158960228
631,CHEMBL4074583,COc1ccnc(NC2=NC[C@@]3(CN4CCC3CC4)O2)n1,,7.638272164,1,289.15387484800004
632,CHEMBL576046,Fc1ccc2c(c1)nc(N1CCN(CCn3ccnc3)CC1)c1cccn12,,7.65,1,364.181172892
633,CHEMBL1276922,CC(=O)N1CCc2c(sc3nc(CCCCN4CCN(c5ccc6ccccc6n5)CC4)n(N)c(=O)c23)C1,,7.657071818,1,531.241644296
634,CHEMBL3954179,c1ccc2sc(NC3=NCC4(CN5CCC4CC5)O3)nc2c1,,7.677780705,1,314.120132196
635,CHEMBL3970846,c1ccc2sc(NC3=NC[C@@]4(CN5CCC4CC5)O3)nc2c1,,7.677780705,1,314.120132196
636,24995995,Cn1ncc(-c2ccc(OCCCN3CCCCC3)cc2)cc1=O,,7.70644,1,327.19467704
637,CHEMBL292066,c1ccc2[nH]c(N3CCNCC3)nc2c1,,7.72,1,202.12184644799999
638,CHEMBL3981300,COc1ccc2sc(NC3=NCC4(CN5CCC4CC5)O3)nc2c1,,7.721246399,1,344.13069687999996
639,76327887,COc1ccc(-c2nc3c(C(=O)NC4C[C@@H]5CCC[C@H](C4)N5C)cccc3o2)cc1,,7.72584,1,405.205241724
640,CHEMBL3084782,COc1ccc(-c2nc3c(C(=O)N[C@H]4C[C@@H]5CCC[C@H](C4)N5C)cccc3o2)cc1,,7.73,1,405.205241724
641,CHEMBL3084781,CN1[C@H]2CCC[C@@H]1C[C@@H](NC(=O)c1cccc3oc(-c4ccc(Cl)cc4)nc13)C2,,7.74,1,409.155704688
642,CHEMBL511699,CNc1nc(N2CCCN(C)CC2)nc2ccc(Cl)cc12,,7.74,1,305.14072332
643,CHEMBL3084708,CN1[C@H]2CC[C@@H]1C[C@H](OC(=O)c1cc3ccccc3n1C)C2,,7.74,1,298.168127944
644,CHEMBL1272176,CN(C)c1nc2c(C(=O)N[C@@H]3CN4CCC3CC4)cccc2o1,,7.74,1,314.174275944
645,44626294,COc1cc(N)c(Cl)cc1C(=O)N[C@H]1CCN(C[C@@H]2CCCC[C@@]2(O)c2cccc(O)c2)C[C@H]1OC,,7.74472833,1,517.234348932
646,76313440,CN1[C@H]2CCC[C@@H]1CC(NC(=O)c1cccc3oc(-c4ccc(Cl)cc4)nc13)C2,,7.74473,1,409.155704688
647,70681001,Cc1c(N2CCN(C)CC2)nc2ccccc2c1C(=O)NCCCCCCCNC(=O)OC(C)(C)C,,7.74473,1,497.336590236
648,76331529,CN1[C@H]2CC[C@@H]1CC(OC(=O)c1cc3ccccc3n1C)C2,,7.74473,1,298.168127944
649,CHEMBL578809,Cc1cccc2nc(N3CCN(CCn4ccnc4)CC3)c3cccn3c12,,7.75,1,360.206244768
650,CHEMBL1958328,C[C@H]1CCCN1CCCOc1ccc(-c2cnn(-c3ccccn3)c(=O)c2)cc1,,7.75,1,390.205576072
651,CHEMBL4468363,O=C(NC1CN2CCC1CC2)c1cc(Cl)cn2ccnc12,,7.756961951,1,304.10908884400004
652,44157941,Oc1nc(CN2CCN(c3nc4cc(F)ccc4n4cccc34)CC2)n[nH]1,,7.76955,1,367.15568641600004
653,CHEMBL4203125,FC(F)(F)c1ccc2nc3n(c2c1)C[C@@]1(CN2CCC1CC2)O3,,7.769551079,1,323.124546792
654,CHEMBL2204362,COc1cc(C)ccc1Sc1ccccc1N1CCNCC1,,7.77,1,314.145284324
655,CHEMBL512418,Oc1n[nH]c(CN2CCN(c3nc4cc(F)ccc4n4cccc34)CC2)n1,,7.77,1,367.15568641600004
656,CHEMBL607857,Cc1ccc2nc(N3CCN4CCC3CC4)oc2c1,,7.77,1,257.152812228
657,CHEMBL597644,Brc1ccc2oc(N3CCN4CCC3CC4)nc2c1,,7.77,1,321.047674232
658,CHEMBL3084773,C[C@H]1CNCCN1c1nc2c(C(=O)N[C@H]3C[C@@H]4CCC[C@H](C3)N4C)cccc2o1,,7.78,1,397.24777523200004
659,76313438,C[C@H]1CNCCN1c1nc2c(C(=O)NC3C[C@@H]4CCC[C@H](C3)N4C)cccc2o1,,7.78252,1,397.24777523200004
660,76316952,CN1[C@H]2CCC[C@@H]1CC(NC(=O)c1cccc3oc(-c4ccc(F)cc4)nc13)C2,,7.78781,1,393.185255228
661,CHEMBL3084780,CN1[C@H]2CCC[C@@H]1C[C@@H](NC(=O)c1cccc3oc(-c4ccc(F)cc4)nc13)C2,,7.79,1,393.185255228
662,CHEMBL3927589,c1ccc(NC2=NCC3(CN4CCC3CC4)O2)nc1,,7.795880017,1,258.148061196
663,CHEMBL1278087,Cc1cccc2c(=O)n(N)c(CCCCN3CCN(c4ccc5ccccc5n4)CC3)nc12,,7.807916934,1,442.24810958000006
664,CHEMBL3084779,CN1[C@H]2CCC[C@@H]1C[C@@H](NC(=O)c1cccc3oc(-c4ccccc4)nc13)C2,,7.82,1,375.19467704000004
665,76316951,CN1[C@H]2CCC[C@@H]1CC(NC(=O)c1cccc3oc(-c4ccccc4)nc13)C2,,7.82102,1,375.19467704000004
666,CHEMBL3898922,c1ccc(NC2=NC[C@@]3(CN4CCC3CC4)O2)nc1,,7.823908741,1,258.148061196
667,CHEMBL4215131,c1ccc2c(c1)nc1n2C[C@@]2(CN3CCC2CC3)O1,,7.823908741,1,255.137162164
668,70685201,Cc1c(N2CCN(C)CC2)nc2ccccc2c1C(=O)NCCOCCOCCOCCOCCOCCOCCOCCOCCOCCNC(=O)c1c(C)c(N2CCN(C)CC2)nc2ccccc12,,7.82391,1,990.5790053159999
669,76313439,COc1ccccc1-c1nc2c(C(=O)NC3C[C@@H]4CCC[C@H](C3)N4C)cccc2o1,,7.82681,1,405.205241724
670,CHEMBL3084777,COc1ccccc1-c1nc2c(C(=O)N[C@H]3C[C@@H]4CCC[C@H](C3)N4C)cccc2o1,,7.83,1,405.205241724
671,CHEMBL489664,CN1CCN(c2nc(NCCO)c3cc(Cl)ccc3n2)CC1,,7.83,1,321.13563794
672,CHEMBL1643881,O=C1c2cccc3[nH]nc(c23)CN1[C@H]1CN2CCC1CC2,,7.838631998,1,282.148061196
673,CHEMBL3910917,O=C(OC1CC2COCC(C1)N2CCF)c1cn(CC(F)F)c2ccc(F)cc12,,7.841336019,1,414.156655444
674,CHEMBL490071,CN1CCN(c2nc(NCc3ccccc3)c3cc(Cl)ccc3n2)CC1,,7.86,1,367.156373384
675,52945520,Nc1nc2c(C(=O)N[C@@H]3CN4CCC3CC4)cccc2o1,,7.86012,1,286.142975816
676,CHEMBL2169969,CNc1cc(N2CCN(C)CC2)nc2ccccc12,,7.87,1,256.16879664
677,24995992,Cc1nnc(O)cc1-c1ccc(OCCCN2CCCCC2)cc1,,7.871185,1,327.19467704
678,CHEMBL1278088,Nn1c(CCCCN2CCN(c3ccc4ccccc4n3)CC2)nc2c(c1=O)CCCC2,,7.874988704,1,432.263759644
679,24995996,Cn1ncc(-c2ccc(OCCCN3CCCCCC3)cc2)cc1=O,,7.875755,1,341.210327104
680,CHEMBL3962958,O=C(OC1CC2COCC(C1)N2CCF)c1cn(CC(F)(F)F)c2ccc(F)cc12,,7.886056648,1,432.14723363200005
681,CHEMBL3961219,COc1cccc2sc(NC3=NCC4(CN5CCC4CC5)O3)nc12,,7.886056648,1,344.13069687999996
682,CHEMBL4207475,Cc1ccc2c(c1)nc1n2C[C@@]2(CN3CCC2CC3)O1,,7.886056648,1,269.152812228
683,24769782,C[C@H]1COCCN1c1nc2c(C(=O)NC3C[C@@H]4CCC[C@H](C3)N4C)cccc2o1,,7.88941,1,398.23179081999996
684,CHEMBL611082,c1ccc2oc(N3CCN4CCC3CC4)nc2c1,,7.89,1,243.137162164
685,CHEMBL3084762,C[C@H]1COCCN1c1nc2c(C(=O)N[C@H]3C[C@@H]4CCC[C@H](C3)N4C)cccc2o1,,7.89,1,398.23179081999996
686,CHEMBL342447,Fc1ccc2c(c1)nc(N1CCN(Cc3ccccc3)CC1)c1cccn12,,7.89,1,360.17502489200007
687,CHEMBL3938530,CN1C2CCCC1CC(NC(=O)c1cn(S(C)(=O)=O)c3ccc(F)cc13)C2,,7.893129456,1,393.15224084799996
688,24995990,Cc1nn(C)c(=O)cc1-c1ccc(OCCCN2CCCCC2)cc1,,7.89767,1,341.210327104
689,CHEMBL414183,CN1CCN(c2nc3ccccc3nc2O)CC1,,7.9,1,244.132411132
690,CHEMBL1272122,CCN(CC)c1nc2c(C(=O)N[C@@H]3CN4CCC3CC4)cccc2o1,,7.91,1,342.205576072
691,CHEMBL290938,Cc1[nH]cnc1Cc1nc(-c2c[nH]c3ccccc23)cs1,,7.92,1,294.093917448
692,CHEMBL473302,CN1CCN(c2nc(N)c3cc(Cl)ccc3n2)CC1,,7.92,1,277.109423192
693,53238120,COc1ccc(Sc2ccccc2N2CCNCC2)c(Cl)c1,,7.92082,1,334.090661908
694,9794392,c1cnc2c(c1)C[C@@]1(CN3CCC1CC3)O2,,7.92082,1,216.126263132
695,56850927,O=C1CSC(=O)N1CCCCCCCCNCC1CCc2ccccc2O1,,7.92082,1,390.19771382
696,44157838,O=C(O)CN1CCN(c2nc3cc(F)ccc3n3cccc23)CC1,,7.93181,1,328.133554004
697,CHEMBL3960181,CC(C)CS(=O)(=O)n1cc(C(=O)OC2CC3COCC(C2)N3)c2ccccc21,,7.931814138,1,406.156242932
698,715494,O=C(O)CN1CCN(c2ccc3ccccc3n2)CC1,,7.95078,1,271.132076784
699,CHEMBL1958329,O=c1cc(-c2ccc(OCCCN3CCCCC3)cc2)cnn1-c1ccccn1,,7.955,1,390.2055760720001
700,CHEMBL4216282,FC(F)(F)c1cccc2c1nc1n2C[C@@]2(CN3CCC2CC3)O1,,7.958607315,1,323.124546792
701,CHEMBL4218598,Clc1cccc2nc3n(c12)C[C@@]1(CN2CCC1CC2)O3,,7.958607315,1,289.09818981199993
702,CHEMBL4211315,COc1ccc2c(c1)nc1n2C[C@@]2(CN3CCC2CC3)O1,,7.958607315,1,285.147726848
703,CHEMBL3974854,c1ccc(-c2csc(NC3=NCC4(CN5CCC4CC5)O3)n2)cc1,,7.958607315,1,340.13578226
704,CHEMBL3896879,CN1C2CCCC1CC(NC(=O)c1cn(CC(F)F)c3ncccc13)C2,,7.978810701,1,362.191817828
705,11184481,Cc1ccc2oc(N3CCN4CCC3CC4)nc2n1,,8.012566664,1,258.148061196
706,CHEMBL2151439,O=C(N[C@@H]1CN2CCC1CC2)c1n[nH]c2ccccc12,,8.019147108,1,270.148061196
707,1683,CN1C2CCC1CC(OC(=O)c1cc(Cl)cc(Cl)c1)C2,,8.02687,1,313.06363414400005
708,CHEMBL128,CN=S(O)(O)=Cc1ccc2[nH]cc(CCN(C)C)c2c1,,8.03,1,295.135447912
709,CHEMBL4095046,CC(C)c1ccnc(NC2=NC[C@@]3(CN4CCC3CC4)O2)n1,,8.045757491,1,301.190260356
710,CHEMBL4218050,Clc1ccc2nc3n(c2c1)C[C@@]1(CN2CCC1CC2)O3,,8.045757491,1,289.09818981199993
711,CHEMBL370758,O=C1[C@@H]2CCCN2C(=O)CN1CN1CCN(c2cccc3ccccc23)CC1,,8.05,1,378.205576072
712,CHEMBL295155,COc1cc(N)c(Cl)cc1C(=O)NC1C2CC3CC1CN(C3)C2,,8.05,1,335.140054624
713,CHEMBL136536,Cc1cccc2nc(N3CCN(Cc4ccccc4)CC3)c3cccn3c12,,8.06,1,356.20009676800004
714,76320661,CN1[C@H]2CCC[C@@H]1CC(NC(=O)c1nn(CCCNc3ccc([N+](=O)[O-])c4nonc34)c3ccccc13)C2,,8.06048,1,518.23900144
715,CHEMBL3084778,CN1[C@H]2CCC[C@@H]1C[C@@H](NC(=O)c1cccc3oc(C4CC4)nc13)C2,,8.08,1,339.19467704000004
716,76327886,CN1[C@H]2CCC[C@@H]1CC(NC(=O)c1cccc3oc(C4CC4)nc13)C2,,8.08092,1,339.19467704000004
717,CHEMBL3981422,CN1C2CCCC1CC(OC(=O)c1cn(CC(F)(F)F)c3ncccc13)C2,,8.086186148,1,381.166411604
718,CHEMBL3984925,c1ccc2nc(NC3=NC[C@@]4(CN5CCC4CC5)O3)ccc2c1,,8.096910013,1,308.16371126
719,CHEMBL1643881,O=C1c2cccc3n[nH]c(c23)CN1[C@H]1CN2CCC1CC2,,8.099315999,1,282.148061196
720,CHEMBL304534,c1ccc(CCCn2c(N3CCNCC3)nc3ccccc32)cc1,,8.1,1,320.200096768
721,24996324,O=c1cc(-c2ccc(OCCCN3CCCCCC3)cc2)cnn1-c1ccccn1,,8.10041,1,404.2212261360001
722,53317929,O=C1c2cccc3c2c(nn3-c2ccc(F)cc2)CN1[C@@H]1CN2CCC1CC2,,8.10237,1,376.16993951200004
723,CHEMBL3913903,CS(=O)(=O)n1cc(C(=O)OC2CC3COCC(C2)N3)c2cc(F)ccc21,,8.1123827,1,382.0998709280001
724,70689423,Cc1c(N2CCN(C)CC2)nc2ccccc2c1C(=O)NCCOCCOCCNC(=O)c1c(C)c(N2CCN(C)CC2)nc2ccccc12,,8.11351,1,682.39550208
725,CHEMBL305582,c1ccc(CCn2c(N3CCNCC3)nc3ccccc32)cc1,,8.13,1,306.184446704
726,CHEMBL2169890,CN1CCN(c2ncc3cc(Cl)ccc3n2)CC1,,8.13,1,262.09852416
727,671690,CN1[C@H]2CC[C@@H]1CC(OC(=O)c1cc(Cl)cc(Cl)c1)C2,,8.13021453,1,313.06363414400005
728,76309734,CCN(CC)c1ccc2cc(C(=O)NCCCCn3nc(C(=O)NC4C[C@@H]5CCC[C@H](C4)N5C)c4ccccc43)c(=O)oc2c1,,8.13668,1,612.3424038880001
729,CHEMBL3084433,CCN(CC)c1ccc2cc(C(=O)NCCCCn3nc(C(=O)N[C@H]4C[C@@H]5CCC[C@H](C4)N5C)c4ccccc43)c(=O)oc2c1,,8.14,1,612.3424038880001
730,CHEMBL598804,CN1[C@H]2CCC[C@H]1CC(NC(=O)c1nn(C)c3ccc(O)cc13)C2,,8.14,1,328.189926008
731,CHEMBL2204363,Cc1ccc(Sc2ccccc2N2CCNCC2)c(Cl)c1,,8.14,1,318.09574728800004
732,CHEMBL493183,NC(=O)CN1CCN(c2nc3cc(F)ccc3n3cccc23)CC1,,8.14,1,327.149538416
733,24996643,Cc1cccnc1-n1nc(C)c(-c2ccc(OCCCN3CCC[C@H]3C)cc2)cc1=O,,8.14644,1,418.2368762
734,CHEMBL1643890,O=C1c2cccc3c2c(nn3Cc2ccccc2)CN1[C@H]1CN2CCC1CC2,,8.15,1,372.195011388
735,CHEMBL1643880,O=C(N[C@H]1CN2CCC1CC2)c1c[nH]c2ccsc2c1=O,,8.151909206,1,303.10414778399996
736,CHEMBL3950038,c1ccc2sc(NC3=NCC4(CN5CCCC4C5)O3)nc2c1,,8.15490196,1,314.120132196
737,CHEMBL4202588,Cc1cccc2c1nc1n2C[C@@]2(CN3CCC2CC3)O1,,8.15490196,1,269.152812228
738,CHEMBL3901366,Cc1cn2cccc2c(NC2=NC[C@@]3(CN4CCC3CC4)O2)n1,,8.15490196,1,311.174610292
739,CHEMBL3917985,Clc1cnn2ccc(NC3=NC[C@@]4(CN5CCC4CC5)O3)nc12,,8.15490196,1,332.11523684400004
740,CHEMBL1271790,C[C@H]1COC[C@H](C)N1c1nc2c(C(=O)N[C@@H]3CN4CCC3CC4)cccc2o1,,8.17,1,384.21614075599996
741,CHEMBL489060,CN1CCN(c2nc(N(C)C)c3cc(Cl)ccc3n2)CC1,,8.18,1,305.14072332
742,CHEMBL2107804,CN1[C@H]2CC[C@@H]1C[C@H](OC(=O)c1cc(Cl)cc(Cl)c1)C2,,8.21027634,1,313.06363414400005
743,CHEMBL4206339,Clc1ccc2c(c1)nc1n2C[C@@]2(CN3CCC2CC3)O1,,8.22184875,1,289.09818981199993
744,CHEMBL4209782,Cc1ccc2nc3n(c2c1)C[C@@]1(CN2CCC1CC2)O3,,8.22184875,1,269.152812228
745,24995993,Cc1nnc(O)cc1-c1ccc(OCCCN2CCCCCC2)cc1,,8.22247,1,341.210327104
746,CHEMBL3895877,N#Cc1ccc(-n2cc(C(=O)OC3CC4COCC(C3)N4)c3ccccc32)cc1,,8.22811868,1,387.158291532
747,CHEMBL2169971,CNc1nc(N2CCN(C)CC2)cc2ccccc12,,8.23,1,256.16879664
748,69937257,O=C1c2cccc3nc(O)n(c23)CCN1[C@@H]1CN2CCC1CC2,,8.24413,1,312.15862588
749,CHEMBL159825,COc1cc(N)c(Cl)cc1C(=O)NC1CCN2CCC1C2,,8.25,1,309.12440456
750,CHEMBL571046,Fc1ccc2c(c1)nc(N1CCN(Cc3ncc[nH]3)CC1)c1cccn12,,8.25,1,350.165522828
751,11376655,Cc1c(N2CCN(C)CC2)nc2ccccc2c1C(=O)NCCCCCCCNc1c2c(nc3ccccc13)CCCC2,,8.250905,1,578.3733100920001
752,CHEMBL3945299,CC(C)S(=O)(=O)n1cc(C(=O)OC2CC3COCC(C2)N3)c2cc(F)ccc21,,8.251037139,1,410.1311710560001
753,CHEMBL3925327,CN1C2CCC1CC(OC(=O)c1cn(CC(F)(F)F)c3ncccc13)C2,,8.254925208,1,367.15076154
754,CHEMBL3914825,CN1C2CCCC1CC(NC(=O)c1cn(CC(F)F)c3ccc(F)cc13)C2,,8.263603498,1,379.187147048
755,CHEMBL1643880,O=C(N[C@H]1CN2CCC1CC2)c1cnc2ccsc2c1O,,8.27,1,303.10414778399996
756,CHEMBL1643883,Cn1nc2c3c(cccc31)C(=O)N([C@H]1CN3CCC1CC3)C2,,8.276926788,1,296.16371126
757,CHEMBL302743,Fc1ccc(Cn2c(N3CCNCC3)nc3ccccc32)cc1,,8.28,1,310.159374828
758,CHEMBL3084766,CC(C)[C@H]1COCCN1c1nc2c(C(=O)N[C@H]3C[C@@H]4CCC[C@H](C3)N4C)cccc2o1,,8.3,1,426.26309094799996
759,CHEMBL3963469,c1cc2c(NC3=NC[C@@]4(CN5CCC4CC5)O3)nccn2c1,,8.301029996,1,297.158960228
760,76331534,CC(C)[C@H]1COCCN1c1nc2c(C(=O)NC3C[C@@H]4CCC[C@H](C3)N4C)cccc2o1,,8.30103,1,426.26309094799996
761,CHEMBL4128926,CC(C)(C)NS(=O)(=O)c1ccc(-c2sc(C(=O)N[C@H]3C[C@H](C(=O)O)C3)nc2CC2CCCCC2)c2ccccc12,,8.30980392,1,583.217463284
762,CHEMBL1643882,O=C1c2cccc3n[nH]c(c23)CN1[C@@H]1CN2CCC1CC2,,8.31,1,282.148061196
763,53363442,C[C@@H]1CCCN1CCCOc1ccc(-c2cnnc(O)c2)cc1,,8.31171,1,313.179026976
764,CHEMBL3928064,CS(=O)(=O)n1cc(C(=O)NC2CC3COCC(C2)N3)c2cc(F)ccc21,,8.317854924,1,381.11585534
765,CHEMBL1278088,NN1C(=O)C2CCCCC2=NC1=CCCCN1CCN(c2ccc3ccccc3n2)CC1,,8.33,1,432.263759644
766,CHEMBL1272232,Nc1nc2c(C(=O)N[C@@H]3CN4CCC3CC4)cc(Cl)cc2o1,,8.33,1,320.10400346399996
767,CHEMBL123137,CN1CCN(c2cnc3ccccc3n2)CC1,,8.33,1,228.13749651199998
768,24996326,Cc1cccnc1-n1ncc(-c2ccc(OCCCN3CCC[C@H]3C)cc2)cc1=O,,8.33603,1,404.221226136
769,76320681,CC[C@H]1COCCN1c1nc2c(C(=O)NC3C[C@@H]4CCC[C@H](C3)N4C)cccc2o1,,8.33724,1,412.24744088399996
770,CHEMBL3084764,CC[C@H]1COCCN1c1nc2c(C(=O)N[C@H]3C[C@@H]4CCC[C@H](C3)N4C)cccc2o1,,8.34,1,412.24744088399996
771,CHEMBL3977239,CN1C2CCC1CC(OC(=O)c1nn(CC(F)(F)F)c3ccccc13)C2,,8.35753548,1,367.15076153999996
772,56946196,CC(C)n1ncc(-c2ccc(OCCCN3CCC[C@H]3C)cc2)cc1=O,,8.36245,1,355.225977168
773,25070031,C[C@@H]1CCCN1CCCOc1ccc(-c2ccc(O)nn2)cc1,,8.38529,1,313.17902697600005
774,CHEMBL3940685,O=C(NC1CC2COCC(C1)N2)c1nn(CC(F)F)c2ccccc12,,8.388276692,1,350.15543232
775,CHEMBL3895876,CN1C2CCC1CC(NC(=O)c1cn(S(C)(=O)=O)c3ccc(F)cc13)C2,,8.391473966,1,379.136590784
776,CHEMBL220808,Fc1ccc(-c2cncc(CNC[C@H]3CCc4ccccc4O3)c2)cc1,,8.393161881,1,348.163791512
777,CHEMBL4204902,Clc1cccc2c1nc1n2C[C@@]2(CN3CCC2CC3)O1,,8.397940009,1,289.09818981199993
778,76309745,CCC[C@H]1COCCN1c1nc2c(C(=O)NC3C[C@@H]4CCC[C@H](C3)N4C)cccc2o1,,8.40894,1,426.26309094799996
779,CHEMBL598873,Fc1ccc2oc(N3CCN4CCC3CC4)nc2c1,,8.41,1,261.127740352
780,CHEMBL3084765,CCC[C@H]1COCCN1c1nc2c(C(=O)N[C@H]3C[C@@H]4CCC[C@H](C3)N4C)cccc2o1,,8.41,1,426.26309094799996
781,CHEMBL2448137,COc1cc(N)c(Cl)cc1C(=O)N[C@H]1C2CC3CN(C2)CC31,,8.41,1,321.12440456
782,CHEMBL3920451,O=C(OC1CC2COCC(C1)N2)c1cn(-c2ncccn2)c2ccccc12,,8.411168274,1,364.1535405
783,CHEMBL4098776,c1ccc(-c2ccnc(NC3=NC[C@@]4(CN5CCC4CC5)O3)n2)cc1,,8.420216403,1,335.174610292
784,CHEMBL3894276,O=C(OC1CC2CCC(C1)N2)c1cn(CC(F)(F)F)c2ccccc12,,8.43062609,1,352.139862508
785,CHEMBL3966403,N#Cc1cc(-n2cc(C(=O)O[C@H]3C[C@H]4COC[C@@H](C3)N4)c3ccccc32)ccn1,,8.434152181,1,388.1535405
786,53317928,CC(C)n1nc2c3c(cccc31)C(=O)N([C@H]1CN3CCC1CC3)C2,,8.4437,1,324.195011388
787,CHEMBL3915317,CN1C2CCC1CC(OC(=O)c1cn(CC(F)F)c3ncccc13)C2,,8.444905551,1,349.16018335200005
788,CHEMBL1958326,Cc1nn(C)c(=O)cc1-c1ccc(OCCCN2CCC[C@H]2C)cc1,,8.445,1,341.210327104
789,76316950,CC(C)C[C@H]1COCCN1c1nc2c(C(=O)NC3C[C@@H]4CCC[C@H](C3)N4C)cccc2o1,,8.45593,1,440.27874101199995
790,CHEMBL3084767,CC(C)C[C@H]1COCCN1c1nc2c(C(=O)N[C@H]3C[C@@H]4CCC[C@H](C3)N4C)cccc2o1,,8.46,1,440.27874101199995
791,44157939,Fc1ccc2c(c1)nc(N1CCN(Cc3nnc[nH]3)CC1)c1cccn12,,8.46852,1,351.160771796
792,CHEMBL597842,Cc1ccc2oc(N3CCN4CCC3CC4)nc2c1,,8.47,1,257.152812228
793,CHEMBL503987,Fc1ccc2c(c1)nc(N1CCN(Cc3ncn[nH]3)CC1)c1cccn12,,8.47,1,351.160771796
794,CHEMBL40260,NC(N)=NCc1nc(-c2c[nH]c3ccccc23)cs1,,8.48,1,271.089166416
795,CHEMBL3984661,CN1C2CCCC1CC(OC(=O)c1nn(CCF)c3ccccc13)C2,,8.488116639,1,345.18525522799996
796,24995994,C[C@@H]1CCCN1CCCOc1ccc(-c2cnn(C)c(=O)c2)cc1,,8.490625,1,327.19467704
797,CHEMBL3984662,O=C(OC1CC2COCC(C1)N2)c1cn(-c2ncco2)c2ccccc12,,8.492279023,1,353.137556088
798,CHEMBL3980976,Cc1c(C(=O)OC2CC3CCC(C2)N3C)c2ccccc2n1CC(F)F,,8.501689446,1,362.18058444800005
799,CHEMBL3895387,CN1C2CCC1CC(NC(=O)c1cn(CC(F)F)c3ccc(F)cc13)C2,,8.501689446,1,365.171496984
800,CHEMBL3947310,O=C(OC1CC2CCC(C1)N2)c1cn(CC(F)F)c2ccccc12,,8.510041521,1,334.14928432
801,CHEMBL3906022,CN(C(=O)c1cn(-c2cnsc2)c2ccccc12)C1CC2COCC(C1)N2,,8.514278574,1,382.14634694399996
802,44157937,Cc1cccc2nc(N3CCN(CC(O)=NO)CC3)c3cccn3c12,,8.52288,1,339.16952491200004
803,CHEMBL2169965,CNc1nc(N2CCN(C)CC2)nc2ccccc12,,8.53,1,257.164045608
804,24996327,Cc1nn(-c2ccccn2)c(=O)cc1-c1ccc(OCCCN2CCC[C@H]2C)cc1,,8.535515,1,404.221226136
805,CHEMBL3973438,N#Cc1cccc(-n2cc(C(=O)OC3CC4COCC(C3)N4)c3ccccc32)c1,,8.539102157,1,387.1582915320001
806,CHEMBL3892769,CN1[C@@H]2COC[C@H]1C[C@@H](OC(=O)c1cn(-c3ccccn3)c3ccccc13)C2,,8.543633967,1,377.173941596
807,24995991,Cc1nnc(O)cc1-c1ccc(OCCCN2CCC[C@H]2C)cc1,,8.546215,1,327.19467704
808,CHEMBL454890,CN1CCN(c2nc(NCc3ccoc3)c3cc(Cl)ccc3n2)CC1,,8.55,1,357.13563794
809,24996325,Cc1cccc(-n2ncc(-c3ccc(OCCCN4CCC[C@H]4C)cc3)cc2=O)n1,,8.552365,1,404.221226136
810,44157942,N[C@@H](CN1CCN(c2nc3cc(F)ccc3n3cccc23)CC1)C(=O)O,,8.55284,1,357.1601030999999
811,CHEMBL3933042,O=C(OC1CC2COCC(C1)N2)c1cn(-c2ccsn2)c2ccccc12,,8.567030709,1,369.11471246800005
812,CHEMBL2011470,Cc1c(N2CCN(C)CC2)nc2ccccc2c1C(=O)NCCCCCCCNC(=O)c1c(C)c(N2CCN(C)CC2)nc2ccccc12,,8.57,1,664.421322904
813,CHEMBL489271,CN1CCN(c2nc(NCc3ccc(N)cc3)c3cc(Cl)ccc3n2)CC1,,8.57,1,382.16727241600006
814,CHEMBL1628632,Cc1[nH]cnc1CCC(=O)c1cn(C)c2ccccc12,,8.59,1,267.137162164
815,CHEMBL3963431,Cn1ccc(-n2cc(C(=O)O[C@H]3C[C@H]4COC[C@@H](C3)N4)c3ccccc32)n1,,8.602059991,1,366.169190564
816,CHEMBL3894914,CN1C2CCC1CC(OC(=O)c1cn(S(C)(=O)=O)c3ccc(F)cc13)C2,,8.605548319,1,380.120606372
817,24769783,C[C@H]1CNC[C@H](C)N1c1nc2c(C(=O)NC3C[C@@H]4CCC[C@H](C3)N4C)cccc2o1,,8.61979,1,411.26342529600004
818,CHEMBL423899,CN1CCN(c2nc3ncccc3n3cccc23)CC1,,8.62,1,267.148395544
819,CHEMBL1641625,CC(C)Cn1nc2c3c(cccc31)C(=O)N([C@@H]1CN3CCC1CC3)C2,,8.62,1,338.210661452
820,CHEMBL3084776,C[C@H]1CNC[C@H](C)N1c1nc2c(C(=O)N[C@H]3C[C@@H]4CCC[C@H](C3)N4C)cccc2o1,,8.62,1,411.26342529600004
821,CHEMBL3956912,O=C(OC1CC2COCC(C1)N2)c1cn(CC(F)(F)F)c2ccc(F)cc12,,8.627087997,1,386.125355316
822,CHEMBL3909121,O=C(NC1CC2COCC(C1)N2)c1cn(CC(F)(F)F)c2ccc(F)cc12,,8.632644079,1,385.141339728
823,CHEMBL3965964,CS(=O)(=O)n1cc(C(=O)OC2CC3COCC(C2)N3)c2ccccc21,,8.638272164,1,364.10929274000006
824,CHEMBL1643889,CC(C)n1nc2c3c(cccc31)C(=O)N([C@@H]1CN3CCC1CC3)C2,,8.64,1,324.195011388
825,CHEMBL571483,Oc1ccc2c(c1)nc(N1CCN(Cc3c[nH]cn3)CC1)c1cccn12,,8.65,1,348.16985926
826,CHEMBL492395,ON=C(O)CN1CCN(c2nc3cc(F)ccc3n3cccc23)CC1,,8.66,1,343.144453036
827,CHEMBL137621,c1ccc(CN2CCN(c3nc4ncccc4n4cccc34)CC2)cc1,,8.66,1,343.179695672
828,CHEMBL3949515,O=C(OC1CC2COCC(C1)N2)c1cn(-c2nccs2)c2ccccc12,,8.665546249,1,369.11471246800005
829,CHEMBL3953315,CN1C2CCC1CC(OC(=O)c1cn(CC(F)(F)F)c3ccc(F)cc13)C2,,8.671620397,1,384.14609076
830,CHEMBL445505,O=C(O)CN1CCN(c2nc3cc(O)ccc3n3cccc23)CC1,,8.68,1,326.13789043599996
831,CHEMBL3902436,CN1C2COCC1CC(NC(=O)c1cn(-c3ccccc3)c3ccccc13)C2,,8.685079944,1,375.19467704
832,CHEMBL3973788,Cn1cc(-n2cc(C(=O)N[C@H]3C[C@H]4COC[C@@H](C3)N4)c3ccccc32)cn1,,8.690369833,1,365.18517497600004
833,CHEMBL3936610,CN1[C@@H]2COC[C@H]1C[C@@H](OC(=O)c1cn(-c3cnn(CCF)c3)c3ccccc13)C2,,8.696156225,1,412.19106888
834,76320682,CN1[C@H]2CCC[C@@H]1CC(NC(=O)c1cccc3oc(N4CCOC[C@@H]4C(C)(C)C)nc13)C2,,8.69897,1,440.27874101199995
835,CHEMBL3084768,CN1[C@H]2CCC[C@@H]1C[C@@H](NC(=O)c1cccc3oc(N4CCOC[C@@H]4C(C)(C)C)nc13)C2,,8.7,1,440.27874101199995
836,CHEMBL1643886,CCn1nc2c3c(cccc31)C(=O)N([C@H]1CN3CCC1CC3)C2,,8.7,1,310.179361324
837,CHEMBL2151439,O=C(N[C@@H]1CN2CCC1CC2)c1[nH]nc2ccccc12,,8.7,1,270.148061196
838,CHEMBL1643885,Cn1nc2c3c(cc(F)cc31)C(=O)N([C@H]1CN3CCC1CC3)C2,,8.7,1,314.15428944800004
839,CHEMBL3894667,O=C(OC1CC2COCC(C1)N2)c1cn(S(=O)(=O)C2CC2)c2ccccc12,,8.701146924,1,390.124942804
840,CHEMBL329179,Cc1[nH]cnc1Cc1nc(-c2ccccc2F)cs1,,8.71,1,273.073596604
841,CHEMBL2309589,CN1[C@H]2CCC[C@@H]1C[C@H](NC(=O)c1nn(CCCN)c3ccccc13)C2,,8.72,1,355.237210548
842,CHEMBL3084441,CCN(CC)c1ccc2cc(C(=O)NCCOc3cccc4c(C(=O)N[C@H]5C[C@@H]6CCC[C@H](C5)N6C)nn(C)c34)c(=O)oc2c1,,8.72,1,614.3216684440001
843,76324305,CCN(CC)c1ccc2cc(C(=O)NCCOc3cccc4c(C(=O)NC5C[C@@H]6CCC[C@H](C5)N6C)nn(C)c34)c(=O)oc2c1,,8.72125,1,614.3216684440001
844,76327858,CN1[C@H]2CCC[C@@H]1CC(NC(=O)c1nn(CCCN)c3ccccc13)C2,,8.72354,1,355.237210548
845,5011,c1ccc2nc(N3CCNCC3)ccc2c1,,8.7259,1,213.12659748
846,CHEMBL3923015,CN1C2CCC1CC(OC(=O)c1c(Cl)n(CC(F)(F)F)c3ccccc13)C2,,8.728158393,1,400.11654022
847,CHEMBL3978355,CC(C)S(=O)(=O)n1cc(C(=O)OC2CC3COCC(C2)N3)c2ccccc21,,8.729585093,1,392.14059286800006
848,CHEMBL3902773,O=C(NC1CC2COCC(C1)N2)c1cn(CC(F)(F)F)c2ncccc12,,8.739928612,1,368.146010508
849,CHEMBL3944258,CN1C2COCC1CC(OC(=O)c1cn(CC(F)(F)F)c3ncccc13)C2,,8.739928612,1,383.14567616000005
850,CHEMBL38465,Cc1[nH]cnc1Cc1nc(-c2ccccc2)cs1,,8.74,1,255.083018416
851,CHEMBL3971761,CN1C2COCC1CC(NC(=O)c1cn(-c3nccs3)c3ncc(F)cc13)C2,,8.742321425,1,401.1321741
852,CHEMBL3943065,CN1C2COCC1CC(NC(=O)c1cn(-c3cscn3)c3ncc(F)cc13)C2,,8.742321425,1,401.13217410000004
853,CHEMBL3919672,CN1C2COCC1CC(OC(=O)c1cn(-c3ncccn3)c3ccccc13)C2,,8.756961951,1,378.169190564
854,CHEMBL4112254,CN1C2CCC1CC(OC(=O)c1cn([C@@H]3CCOC3)c3ccc(F)cc13)C2,,8.76700389,1,372.18492088000005
855,CHEMBL66918,Cc1ccc(Cn2c(N3CCNCC3)nc3ccccc32)cc1,,8.77,1,306.184446704
856,CHEMBL3960290,CN1C2CCC1CC(OC(=O)c1c3n(c4ccccc14)CCCCO3)C2,,8.785156152,1,354.19434269199996
857,CHEMBL2169966,CN1CCN(c2cc3ccccc3cn2)CC1,,8.79,1,227.14224754399999
858,CHEMBL3942973,CN1C2COCC1CC(OC(=O)c1cn(-c3ccsn3)c3ccccc13)C2,,8.790484985,1,383.13036253200005
859,76316931,CN1[C@H]2CCC[C@@H]1CC(NC(=O)c1nn(CCCNC(=S)Nc3ccc(-c4c5ccc(=O)cc-5oc5cc(O)ccc45)c(C(=O)O)c3)c3ccccc13)C2,,8.79588,1,744.273004
860,CHEMBL1824048,CN1CCC(=Cc2nc3ccc(Cl)cc3[nH]2)CC1,,8.8,1,261.103275192
861,CHEMBL56564,CN1[C@H]2CC[C@@H]1C[C@H](OC(=O)c1c[nH]c3ccccc13)C2,,8.8,1,284.15247788
862,CHEMBL1643887,CCn1nc2c3c(cccc31)C(=O)N([C@@H]1CN3CCC1CC3)C2,,8.8,1,310.179361324
863,CHEMBL3084432,CN1[C@H]2CCC[C@@H]1C[C@@H](NC(=O)c1nn(CCCNC(=S)Nc3ccc(-c4c5ccc(=O)cc-5oc5cc(O)ccc45)c(C(=O)O)c3)c3ccccc13)C2,,8.8,1,744.273004
864,56672434,CN1CCC(=Cc2nc3cc(Cl)ccc3[nH]2)CC1,,8.80134,1,261.103275192
865,CHEMBL3957067,CN1C2COCC1CC(NC(=O)c1nn(-c3cncs3)c3ccccc13)C2,,8.814457845,1,383.141595912
866,CHEMBL3928579,CN(C(=O)c1cn(-c2cnsc2)c2ccccc12)C1CC2COCC(C1)N2C,,8.823908741,1,396.16199700799996
867,CHEMBL3942077,Cc1ncccc1-n1cc(C(=O)N[C@H]2C[C@H]3COC[C@@H](C2)N3C)c2ccccc21,,8.823908741,1,390.205576072
868,CHEMBL3936101,CCS(=O)(=O)n1cc(C(=O)OC2CC3COCC(C2)N3)c2ccccc21,,8.823908741,1,378.12494280400006
869,CHEMBL3929209,CN1C2CCC1CC(OC(=O)c1cn([C@H]3CCOC3)c3ccc(F)cc13)C2,,8.838631998,1,372.18492088000005
870,CHEMBL2169970,CN1CCN(c2cc(N)c3ccccc3n2)CC1,,8.84,1,242.15314657599998
871,CHEMBL63863,c1ccc2cc(Cn3c(N4CCNCC4)nc4ccccc43)ccc2c1,,8.84,1,342.184446704
872,CHEMBL3944338,O=C(N[C@H]1C[C@H]2COC[C@@H](C1)N2)c1cn(-c2cccnc2)c2ccccc12,,8.841637508,1,362.174275944
873,CHEMBL3946404,CN1C2COCC1CC(NC(=O)c1cn(C(F)C(F)(F)F)c3ncccc13)C2,,8.841637508,1,400.15223876
874,CHEMBL3912693,CN1C2COCC1CC(NC(=O)c1cn(CC(F)F)c3ncccc13)C2,,8.844663963,1,364.171082384
875,CHEMBL54720,c1ccc(CN2CCN(c3nc4ccsc4n4cccc34)CC2)cc1,,8.850212908,1,348.14086764
876,CHEMBL3918054,CN1C2CCCC1CC(OC(=O)c1nn(S(C)(=O)=O)c3ccccc13)C2,,8.853871964,1,377.140927216
877,CHEMBL3893418,CC(C)S(=O)(=O)n1cc(C(=O)NC2CC3COCC(C2)N3C)c2cc(F)ccc21,,8.8569852,1,423.162805532
878,CHEMBL3935377,CN1[C@@H]2COC[C@H]1C[C@@H](NC(=O)c1cn(-c3cnn(C(F)F)c3)c3ccccc13)C2,,8.8569852,1,415.18198141600004
879,CHEMBL3942335,CN1C2COCC1CC(OC(=O)c1cn(CC(F)(F)F)c3ccc(F)cc13)C2,,8.860120914,1,400.14100538
880,CHEMBL3936092,CN1[C@@H]2COC[C@H]1C[C@@H](NC(=O)c1cn(-c3ccc[n+]([O-])c3)c3ccccc13)C2,,8.866461092,1,392.18484062799996
881,CHEMBL3894103,CN1C2COCC1CC(NC(=O)c1cn(-c3ccns3)c3ccccc13)C2,,8.866461092,1,382.14634694399996
882,CHEMBL3984294,CN1C2COCC1CC(NC(=O)c1cn(CC(F)(F)F)c3ncccc13)C2,,8.869666232,1,382.161660572
883,CHEMBL443764,CN1CCN(c2ncc3ccccc3n2)CC1,,8.87,1,228.13749651199998
884,CHEMBL3926346,CN1[C@@H]2COC[C@H]1C[C@@H](NC(=O)c1nn(-c3ccccn3)c3ccccc13)C2,,8.872895202,1,377.18517497600004
885,CHEMBL3905347,O=C(OC1CC2COCC(C1)N2)c1cn(CC(F)F)c2ccc(F)cc12,,8.88941029,1,368.13477712800005
886,CHEMBL3951841,CN1C2COCC1CC(OC(=O)c1cn(-c3cncs3)c3ccccc13)C2,,8.896196279,1,383.13036253200005
887,CHEMBL3968902,O=C(OC1CC2COCC(C1)N2)c1cn(-c2ccns2)c2ccccc12,,8.899629455,1,369.11471246800005
888,CHEMBL3934011,CN1C2COCC1CC(OC(=O)c1cn(-c3cnc(F)cn3)c3ccccc13)C2,,8.903089987,1,396.15976875200005
889,CHEMBL3966678,CN1C2CCC1CC(NC(=O)c1cn(CC(F)F)c3ncccc13)C2,,8.913640169,1,348.176167764
890,CHEMBL3084439,CN(C)c1cccc2c(S(=O)(=O)NCCCn3nc(C(=O)N[C@@H]4C[C@@H]5CCC[C@H](C4)N5C)c4ccccc43)cccc12,,8.92,1,588.2882601399999
891,CHEMBL2448165,COc1cc(N)c(Cl)cc1C(=O)N[C@@H]1C2CC3CN(C2)CC31,,8.92,1,321.12440456
892,CHEMBL1628633,CN1[C@H]2CCC[C@@H]1C[C@@H](NC(=O)c1nn(C)c3ccccc13)C2,,8.92,1,312.195011388
893,CHEMBL558226,COc1cc(N)c(Cl)cc1C(=O)NC1C2CC3CN(C2)CC31,,8.92,1,321.12440456
894,CHEMBL3959374,CN1[C@@H]2COC[C@H]1C[C@@H](OC(=O)c1cn(-c3cnn(C)c3)c3ccccc13)C2,,8.920818754,1,380.18484062799996
895,76313418,CN(C)c1cccc2c(S(=O)(=O)NCCCn3nc(C(=O)NC4C[C@@H]5CCC[C@H](C4)N5C)c4ccccc43)cccc12,,8.92082,1,588.2882601399999
896,22495788,Clc1ccc2oc(N3CCN4CCC3CC4)nc2c1,,8.92082,1,277.098189812
897,44157837,N[C@H](CN1CCN(c2nc3cc(F)ccc3n3cccc23)CC1)C(=O)O,,8.92082,1,357.1601030999999
898,CHEMBL3897074,N#CCn1cc(C(=O)OC2CC3COCC(C2)N3)c2ccccc21,,8.928117993,1,325.142641468
899,CHEMBL3915089,CN1C2COCC1CC(NC(=O)c1cn(-c3cncs3)c3ncc(F)cc13)C2,,8.928486195,1,401.1321741
900,CHEMBL1945843,C[C@@H]1CCCN1CCCOc1ccc(-c2cnn(-c3ccccn3)c(=O)c2)cc1,,8.932404877,1,390.205576072
901,CHEMBL3985721,Cn1ccc(-n2cc(C(=O)OC3CC4COCC(C3)N4)c3ccccc32)cc1=O,,8.933674075,1,393.168856216
902,CHEMBL4114119,CN1C2COCC1CC(NC(=O)c1cn([C@@H](F)C(F)(F)F)c3ncccc13)C2,,8.946921557,1,400.15223876
903,CHEMBL3943285,CN1C2COCC1CC(NC(=O)c1cn([C@H](F)C(F)(F)F)c3ncccc13)C2,,8.946921557,1,400.15223876
904,CHEMBL489062,CNc1nc(N2CCN(C)CC2)nc2ccc(Cl)cc12,,8.95,1,291.125073256
905,CHEMBL3947319,O=C(OC1CC2COCC(C1)N2)c1cn(-c2cnccn2)c2ccccc12,,8.951169913,1,364.1535405
906,CHEMBL3896919,N#Cc1ccccc1-n1cc(C(=O)OC2CC3COCC(C2)N3)c2ccccc21,,8.956637722,1,387.1582915320001
907,CHEMBL3923885,CN1C2COCC1CC(OC(=O)c1cn(-c3cnccn3)c3ccccc13)C2,,8.958607315,1,378.169190564
908,CHEMBL3974896,Cc1ccncc1-n1cc(C(=O)N[C@H]2C[C@H]3COC[C@@H](C2)N3C)c2ccccc21,,8.958607315,1,390.205576072
909,76316932,CN1[C@H]2CCC[C@@H]1CC(NC(=O)c1nn(CCCCNC(=S)Nc3ccc(-c4c5ccc(=O)cc-5oc5cc(O)ccc45)c(C(=O)O)c3)c3ccccc13)C2,,8.95861,1,758.2886540640001
910,CHEMBL3084434,CN1[C@H]2CCC[C@@H]1C[C@@H](NC(=O)c1nn(CCCCNC(=S)Nc3ccc(-c4c5ccc(=O)cc-5oc5cc(O)ccc45)c(C(=O)O)c3)c3ccccc13)C2,,8.96,1,758.2886540640001
911,CHEMBL3928641,CN1C2CCC1CC(OC(=O)c1c3n(c4ccccc14)CCO3)C2,,8.966576245,1,326.16304256399997
912,CHEMBL421738,COc1cc(N)c(I)cc1C(=O)NC1CN2CCC1CC2,,8.97,1,401.06002488
913,CHEMBL3930983,CN1C2COCC1CC(NC(=O)c1nn(CC(F)F)c3ncccc13)C2,,8.970616222,1,365.16633135200004
914,CHEMBL3906341,CN1C2COCC1CC(NC(=O)c1cn(C(C)(C)C(F)(F)F)c3ncccc13)C2,,8.974694135,1,410.1929607
915,CHEMBL3892459,CN1C2COCC1CC(NC(=O)c1cn(CC(F)(F)F)c3ncc(F)cc13)C2,,8.976752418,1,400.15223876
916,CHEMBL3896008,CN1C2COCC1CC(NC(=O)c1cn(-c3ncccn3)c3ccccc13)C2,,8.977142971,1,377.18517497600004
917,CHEMBL3932951,CN1C2COCC1CC(NC(=O)c1cn(CC(C)(F)F)c3ncccc13)C2,,8.978810701,1,378.186732448
918,CHEMBL3929838,CN1C2COCC1CC(NC(=O)c1cn(C(F)(F)C(F)F)c3ncc(F)cc13)C2,,8.978810701,1,418.142816948
919,CHEMBL3960386,CN1C2CCC1CC(OC(=O)c1c3n(c4ccccc14)CCCO3)C2,,8.982966661,1,340.17869262799996
920,CHEMBL4111059,CN1C2CCC1CC(OC(=O)c1cn([C@@H]3CCOC3)c3ccccc13)C2,,8.982966661,1,354.194342692
921,CHEMBL3919487,CN1C2COCC1CC(NC(=O)c1cn(C(F)(F)C(F)F)c3ncccc13)C2,,8.987162775,1,400.15223876
922,CHEMBL3960233,Cc1c(C(=O)OC2CC3CCC(C2)N3C)c2ccccc2n1S(C)(=O)=O,,8.987162775,1,376.14567824799997
923,CHEMBL3911435,CN1C2COCC1CC(NC(=O)c1cn(-c3ncco3)c3ccccc13)C2,,8.988429556,1,366.16919056399996
924,CHEMBL3986850,CN1C2COCC1CC(NC(=O)c1cn(CC(F)F)c3ncc(F)cc13)C2,,8.988476708,1,382.161660572
925,CHEMBL3916337,CN1C2CCC1CC(OC(=O)c1c(Cl)n(CC(F)F)c3ccccc13)C2,,8.991399828,1,382.125962032
926,CHEMBL3979768,CN1[C@@H]2COC[C@H]1C[C@@H](NC(=O)c1cn(-c3ccnn3C)c3ccccc13)C2,,8.995678626,1,379.20082504000004
927,CHEMBL62023,CCn1c(=O)n(C(=O)NC2CC3CCC(C2)N3C)c2ccccc21,,9,1,328.189926008
928,CHEMBL421747,Cc1[nH]cnc1Cc1nc(-c2cccc3cccnc23)cs1,,9,1,306.093917448
929,CHEMBL419496,O=C(N[C@H]1CN2CCC1CC2)c1cc(Cl)cc2c1OCC2,,9,1,306.113505528
930,CHEMBL3084770,CC[C@H]1COC[C@H](C)N1c1nc2c(C(=O)N[C@H]3C[C@@H]4CCC[C@H](C3)N4C)cccc2o1,,9,1,426.26309094799996
931,CHEMBL3962329,CN1C2CCCC1CC(OC(=O)c1cn(CC(F)F)c3ncccc13)C2,,9,1,363.17583341600005
932,76331535,CC[C@H]1COC[C@H](C)N1c1nc2c(C(=O)NC3C[C@@H]4CCC[C@H](C3)N4C)cccc2o1,,9,1,426.26309094799996
933,CHEMBL3963201,O=C(O[C@H]1C[C@H]2COC[C@@H](C1)N2)c1cn(-c2ccncc2)c2ccccc12,,9.022276395,1,363.158291532
934,CHEMBL3904155,CN1C2CCC1CC(OC(=O)c1cn(C3CCOC3)c3ccc(F)cc13)C2,,9.022276395,1,372.18492088000005
935,CHEMBL3917810,CN1C2COCC1CC(OC(=O)c1cn(CC#N)c3c(F)nccc13)C2,,9.024246611,1,358.14411868800005
936,CHEMBL3986091,CN1C2CCC1CC(OC(=O)c1cn(C3CCOC3)c3ccccc13)C2,,9.026872146,1,354.194342692
937,CHEMBL3925843,CN1C2CCC1CC(OC(=O)c1c(Cl)n(S(C)(=O)=O)c3ccccc13)C2,,9.031517051,1,396.09105583199994
938,CHEMBL3959461,O=C(OC1CC2COCC(C1)N2)c1cn(-c2cccnn2)c2ccccc12,,9.039053804,1,364.1535405
939,CHEMBL3920932,CN1C2CCC1CC(OC(=O)c1c(Cl)n(CCF)c3ccccc13)C2,,9.045757491,1,364.135383844
940,CHEMBL1643893,Cn1cc2c3c(cccc31)C(=O)N([C@H]1CN3CCC1CC3)C2,,9.05,1,295.168462292
941,CHEMBL3925926,CN1C2CCC1CC(OC(=O)c1cn(CC(F)(F)F)c3ccccc13)C2,,9.050609993,1,366.155512572
942,CHEMBL3919866,CN1C2CCC1CC(OC(=O)c1cn(CC(F)F)c3ccc(F)cc13)C2,,9.050609993,1,366.155512572
943,CHEMBL3917359,CN1[C@@H]2COC[C@H]1C[C@@H](NC(=O)c1cn(-c3ccccn3)c3ncc(F)cc13)C2,,9.054285286,1,395.175753164
944,CHEMBL3914905,CN1[C@@H]2COC[C@H]1C[C@@H](NC(=O)c1cn(-c3ccccn3)c3ccccc13)C2,,9.054621874,1,376.189926008
945,CHEMBL3909661,CN1C2COCC1CC(NC(=O)c1cn(-c3ccsn3)c3ccccc13)C2,,9.060480747,1,382.146346944
946,CHEMBL3951304,CN1C2COCC1CC(NC(=O)c1cn(-c3nccs3)c3ccccc13)C2,,9.065501549,1,382.14634694399996
947,CHEMBL3958157,CN1C2COCC1CC(NC(=O)c1nn(CC(F)(F)F)c3ccccc13)C2,,9.065501549,1,382.161660572
948,CHEMBL3973732,CN1C2COCC1CC(OC(=O)c1cn(CC(F)F)c3ncccc13)C2,,9.075720714,1,365.1550979720001
949,CHEMBL3905810,CN1C2CCC1CC(OC(=O)c1cn([C@H]3CCOC3)c3ccccc13)C2,,9.080921908,1,354.194342692
950,CHEMBL136978,Cc1cccc2nc(N3CCN(C)CC3)c3cccn3c12,,9.1,1,280.16879664
951,CHEMBL341474,CN1CCN(c2nc3cc(F)ccc3n3cccc23)CC1,,9.1,1,284.143724764
952,CHEMBL523716,N/C(CN1CCN(c2nc3cc(F)ccc3n3cccc23)CC1)=N\\O,,9.1,1,342.160437448
953,CHEMBL3261484,Cc1cc2c3c(cnn3CCN([C@@H]3CN4CCC3CC4)C2=O)c1,,9.1,1,310.17936132399996
954,CHEMBL3893818,CN1C2CCC1CC(OC(=O)c1cn(CC(F)F)c3ccccc13)C2,,9.107905397,1,348.164934384
955,CHEMBL1628595,COc1cc(N)c(Cl)cc1C(=O)N[C@@H]1CN2CCC1CC2,,9.113333333,1,309.12440456
956,CHEMBL3950406,CN1[C@@H]2COC[C@H]1C[C@@H](NC(=O)c1cn(-c3ccn(C)n3)c3ccccc13)C2,,9.124938737,1,379.20082504000004
957,CHEMBL3947167,CN1C2CCC1CC(NC(=O)c1nn(S(C)(=O)=O)c3ccccc13)C2,,9.124938737,1,362.141261564
958,CHEMBL3909570,CN1C2COCC1CC(NC(=O)c1cn(-c3ccnnc3)c3ccccc13)C2,,9.124938737,1,377.18517497600004
959,CHEMBL3939459,CN1C2CCC1CC(NC(=O)c1nn(CC(F)F)c3ccccc13)C2,,9.124938737,1,348.176167764
960,CHEMBL3890437,CN1[C@@H]2COC[C@H]1C[C@@H](NC(=O)c1cn(-c3cccnc3)c3ccccc13)C2,,9.125518569,1,376.189926008
961,CHEMBL3966488,CN1C2COCC1CC(OC(=O)c1cn(CCF)c3ccc(C#N)cc13)C2,,9.127261173,1,371.16451978400005
962,CHEMBL3920493,O=C(N[C@H]1C[C@H]2COC[C@@H](C1)N2)c1cn(-c2cn[nH]c2)c2ccccc12,,9.127843727,1,351.16952491200004
963,CHEMBL3955200,CN1C2CCCC1CC(OC(=O)c1cn(S(C)(=O)=O)c3ccc(F)cc13)C2,,9.13076828,1,394.136256436
964,CHEMBL3987099,CN1[C@@H]2COC[C@H]1C[C@@H](NC(=O)c1cn(-c3cccnc3)c3ncc(F)cc13)C2,,9.142667504,1,395.175753164
965,CHEMBL3960503,CN1C2COCC1CC(NC(=O)c1cn(-c3nccs3)c3ncccc13)C2,,9.153662888,1,383.141595912
966,53324551,Cn1nc2c3c(cccc31)C(=O)N([C@@H]1CN3CCC1CC3)C2,,9.1549,1,296.16371126
967,53316626,Cn1cc2c3c(cccc31)C(=O)N([C@@H]1CN3CCC1CC3)C2,,9.1549,1,295.168462292
968,10826756,CN1CCN(c2nc3cc(O)ccc3n3cccc23)CC1,,9.1549,1,282.148061196
969,CHEMBL3976639,CN1[C@@H]2COC[C@H]1C[C@@H](NC(=O)c1cn(-c3ccncc3)c3ccccc13)C2,,9.161150909,1,376.189926008
970,CHEMBL3984660,CN1C2COCC1CC(OC(=O)c1cn(-c3ccc(F)nn3)c3ccccc13)C2,,9.166852888,1,396.1597687520001
971,CHEMBL3973885,Cn1cc(-n2cc(C(=O)O[C@H]3C[C@H]4COC[C@@H](C3)N4)c3ccccc32)cn1,,9.167491087,1,366.169190564
972,CHEMBL566522,Fc1ccc2c(c1)nc(N1CCN(Cc3c[nH]cn3)CC1)c1cccn12,,9.17,1,350.165522828
973,46233635,CN1[C@H]2CCC[C@H]1CC(NC(=O)c1nn(C)c3c(O)cccc13)C2,,9.17393,1,328.189926008
974,CHEMBL3923484,CC(C)S(=O)(=O)n1cc(C(=O)NC2CC3COCC(C2)N3C)c2ccccc21,,9.17881721,1,405.172227344
975,CHEMBL3901835,CN1[C@@H]2COC[C@H]1C[C@@H](NC(=O)c1cn(-c3cnn(C)c3)c3ccccc13)C2,,9.179142011,1,379.20082504000004
976,CHEMBL3911488,CN1C2CCCC1CC(OC(=O)c1cn(CC(F)(F)F)c3ccc(F)cc13)C2,,9.180456064,1,398.161740824
977,CHEMBL3950793,Cn1nccc1-n1cc(C(=O)O[C@H]2C[C@H]3COC[C@@H](C2)N3)c2ccccc21,,9.187086643,1,366.169190564
978,CHEMBL3911935,CN1[C@@H]2COC[C@H]1C[C@@H](NC(=O)c1cn(-c3ccccn3)c3ncccc13)C2,,9.187086643,1,377.18517497600004
979,CHEMBL3905913,O=C(O[C@H]1C[C@H]2COC[C@@H](C1)N2)c1cn(-c2cccnc2)c2ccccc12,,9.207608311,1,363.158291532
980,CHEMBL3971611,CN1C2COCC1CC(NC(=O)c1cn(-c3cnsc3)c3ccccc13)C2,,9.214670165,1,382.14634694399996
981,CHEMBL3084769,C[C@H]1COC[C@H](C)N1c1nc2c(C(=O)N[C@H]3C[C@@H]4CCC[C@H](C3)N4C)cccc2o1,,9.22,1,412.24744088399996
982,CHEMBL3904293,CN1C2COCC1CC(NC(=O)c1cn(CC(F)(F)F)c3ccccc13)C2,,9.221607609,1,381.16641160399996
983,CHEMBL3935292,CN1C2COCC1CC(OC(=O)c1cn(CCF)c3ncccc13)C2,,9.22184875,1,347.164519784
984,CHEMBL3978812,CN1[C@@H]2COC[C@H]1C[C@@H](NC(=O)c1cn(-c3cccnc3)c3ncccc13)C2,,9.22184875,1,377.18517497600004
985,24178523,C[C@H]1COC[C@H](C)N1c1nc2c(C(=O)NC3C[C@@H]4CCC[C@H](C3)N4C)cccc2o1,,9.22185,1,412.24744088399996
986,CHEMBL3962464,CN1C2COCC1CC(OC(=O)c1cn(-c3ccc(O)nn3)c3ccccc13)C2,,9.22366209,1,394.16410518400005
987,CHEMBL3921737,CN1C2COCC1CC(NC(=O)c1cn(-c3cnccn3)c3ccccc13)C2,,9.226728668,1,377.18517497600004
988,CHEMBL3981749,CN1C2CCCC1CC(NC(=O)c1nn(S(C)(=O)=O)c3ccccc13)C2,,9.229147988,1,376.156911628
989,CHEMBL3947651,CN1C2CCC1CC(OC(=O)c1cn(S(C)(=O)=O)c3ccccc13)C2,,9.26760624,1,362.13002818399997
990,CHEMBL3927586,CN1C2COCC1CC(NC(=O)c1cn(CC(F)(F)F)c3ccc(F)cc13)C2,,9.26760624,1,399.156989792
991,5284566,CN1[C@H]2CCC[C@@H]1CC(NC(=O)c1nn(C)c3ccccc13)C2,,9.27572,1,312.195011388
992,CHEMBL3920436,CN1C2CCC1CC(OC(=O)c1cn(CCF)c3ccccc13)C2,,9.27572413,1,330.174356196
993,CHEMBL3956047,Cc1c(C(=O)OC2CC3CCC(C2)N3C)c2ccccc2n1CCF,,9.27572413,1,344.1900062600001
994,CHEMBL1290003,CN1[C@H]2CCC[C@@H]1C[C@H](NC(=O)c1nn(C)c3ccccc13)C2,,9.28,1,312.195011388
995,CHEMBL3984877,CN1C2COCC1CC(NC(=O)c1cn(S(C)(=O)=O)c3ccc(F)cc13)C2,,9.301029996,1,395.131505404
996,2099,Cc1[nH]cnc1CN1CCc2c(c3ccccc3n2C)C1=O,,9.30103,1,294.14806119599996
997,CHEMBL3979379,CN1C2CCCC1CC(NC(=O)c1nn(CC(F)F)c3ccccc13)C2,,9.30980392,1,362.191817828
998,CHEMBL3973304,CN1C2COCC1CC(NC(=O)c1cn(CC(F)F)c3ccc(F)cc13)C2,,9.30980392,1,381.16641160399996
999,CHEMBL582992,Cc1cccc2nc(N3CCN(Cc4c[nH]cn4)CC3)c3cccn3c12,,9.31,1,346.190594704
1000,CHEMBL18041,COc1cc(N)c(Cl)cc1C(=O)NC1CN2CCC1CC2,,9.315,1,309.12440456
1001,CHEMBL3944903,CN1[C@@H]2COC[C@H]1C[C@@H](OC(=O)c1cn(-c3cn[nH]c3)c3ccccc13)C2,,9.335358024,1,366.16919056399996
1002,CHEMBL3891620,CN1C2COCC1CC(OC(=O)c1cn(-c3cncnc3)c3ccccc13)C2,,9.337242168,1,378.169190564
1003,CHEMBL288591,CN1CCN(c2ccc3ccccc3n2)CC1,,9.34,1,227.14224754399999
1004,CHEMBL3895498,CN1C2CCCC1CC(NC(=O)c1nn(CCF)c3ccccc13)C2,,9.346787486,1,344.20123964000004
1005,CHEMBL3934819,CN1C2CCCC1CC(OC(=O)c1cn(CC(F)F)c3ccc(F)cc13)C2,,9.356547324,1,380.171162636
1006,CHEMBL124886,CN1CCN(c2nc3cccc(F)c3n3cccc23)CC1,,9.36,1,284.143724764
1007,CHEMBL3955543,CN1C2CCC1CC(NC(=O)c1cn(S(C)(=O)=O)c3ccccc13)C2,,9.37675071,1,361.14601259600005
1008,CHEMBL93919,COc1ccccc1-c1csc(Cc2[nH]cnc2C)n1,,9.38,1,285.09358310000005
1009,CHEMBL66692,COc1ccc(Cn2c(N3CCNCC3)nc3ccccc32)cc1,,9.38,1,322.179361324
1010,CHEMBL3938528,O=C(OC1CC2COCC(C1)N2)c1cn(-c2cnsc2)c2ccccc12,,9.381428972,1,369.11471246800005
1011,CHEMBL3924093,CN1C2COCC1CC(NC(=O)c1cn(-c3cscn3)c3ncccc13)C2,,9.397940009,1,383.14159591200007
1012,CHEMBL3929017,CN1C2COCC1CC(NC(=O)c1cn(-c3cncs3)c3ccccc13)C2,,9.397940009,1,382.14634694399996
1013,CHEMBL3948391,CN1C2COCC1CC(NC(=O)c1cn(-c3cncs3)c3ncccc13)C2,,9.397940009,1,383.141595912
1014,CHEMBL3941887,CN1C2COCC1CC(NC(=O)c1nn(CC(F)F)c3ccccc13)C2,,9.397940009,1,364.171082384
1015,CHEMBL3982898,O=C(NC1CC2COCC(C1)N2)c1cn(CC(F)F)c2ccccc12,,9.397940009,1,349.160183352
1016,CHEMBL3960051,CN1C2COCC1CC(NC(=O)c1cn(-c3cncnc3)c3ccccc13)C2,,9.408935393,1,377.18517497600004
1017,CHEMBL1189679,O=C1c2cccc3c2[C@H](CCC3)CN1[C@@H]1CN2CCC1CC2,,9.41658848,1,296.18886338799996
1018,CHEMBL56900,c1ccc(Cn2c(N3CCNCC3)nc3ccccc32)cc1,,9.44,1,292.16879664
1019,CHEMBL15056,c1ccc2c(NCCc3ccc(OCCCN4CCCCC4)cc3)c3c(nc2c1)CCCC3,,9.48,1,443.293662804
1020,CHEMBL3923591,CN1C2COCC1CC(NC(=O)c1cn(-c3cccnn3)c3ccccc13)C2,,9.480888681,1,377.18517497600004
1021,CHEMBL3956338,CN1C2COCC1CC(OC(=O)c1cn(S(C)(=O)=O)c3ccccc13)C2,,9.48148606,1,378.124942804
1022,CHEMBL3979838,CN1C2COCC1CC(NC(=O)c1cn(-c3cncn3C)c3ccccc13)C2,,9.484126156,1,379.20082504000004
1023,CHEMBL3891400,CN1C2COCC1CC(NC(=O)c1cn(CCF)c3ccccc13)C2,,9.522396731,1,345.18525522799996
1024,CHEMBL3895177,CN1C2COCC1CC(NC(=O)c1cn(CC#N)c3ccccc13)C2,,9.525055665,1,338.174275944
1025,CHEMBL3968090,CN1C2COCC1CC(OC(=O)c1cn(S(C)(=O)=O)c3ccc(F)cc13)C2,,9.537602002,1,396.11552099200003
1026,CHEMBL3900767,CN1C2COCC1CC(OC(=O)c1cn(CC(F)F)c3ccc(F)cc13)C2,,9.619788758,1,382.15042719200005
1027,CHEMBL3979389,CN1C2COCC1CC(NC(=O)c1cn(CC(F)F)c3ccccc13)C2,,9.638272164,1,363.175833416
1028,CHEMBL605772,CN1[C@H]2CCC[C@H]1CC(NC(=O)c1nn(C)c3c(OCc4ccccc4)cccc13)C2,,9.64,1,418.2368762
1029,CHEMBL3948240,Cc1c(C(=O)OC2CC3CCCC(C2)N3C)c2ccccc2n1CCF,,9.657577319,1,358.2056563240001
1030,CHEMBL3933362,CN1C2CCCC1CC(OC(=O)c1c(Cl)n(CCF)c3ccccc13)C2,,9.698970004,1,378.151033908
1031,CHEMBL3261480,Cc1cn2c3c(cc(Cl)cc13)C(=O)N([C@@H]1CN3CCC1CC3)CC2,,9.7,1,343.145140004
1032,CHEMBL3916920,CN1C2CCCC1CC(OC(=O)c1cn(CCF)c3ccccc13)C2,,9.744727495,1,344.19000626
1033,CHEMBL596951,CN1[C@H]2CCC[C@H]1CC(NC(=O)c1nn(C)c3cccc(O)c13)C2,,9.77,1,328.189926008
1034,CHEMBL1628655,Cn1cc(C(=O)C2CCc3nc[nH]c3C2)c2ccccc21,,9.82,1,279.137162164
1035,CHEMBL90314,COc1c(I)cc(Cl)cc1C(=O)N[C@@H]1CN2CCC1CC2,,9.82,1,420.01015349600004
1036,CHEMBL46,Cc1nccn1CC1CCc2c(c3ccccc3n2C)C1=O,,10.00550499,1,293.152812228
1037,CHEMBL1643895,Cn1cc(C(=O)[C@@H]2CCc3[nH]cnc3C2)c2ccccc21,,10.22,1,279.137162164
1038,108000,Cn1cc(C(=O)[C@@H]2CCc3nc[nH]c3C2)c2ccccc21,,10.2218,1,279.137162164
1039,CHEMBL475331,CN1CCN(c2nc(N)c3ccccc3n2)CC1,,10.29,1,243.14839554399998
1040,CHEMBL314164,COc1c(C(=O)N[C@@H]2CN3CCC2CC3)cc(Cl)c(N)c1I,,10.3,1,435.02105252800004
